time,raw_signal,step_time,step_type,step_number
7,-0.00560277,899.999011230469,Baseline,1
7.2,-0.00826151,899.999011230469,Baseline,1
10.8,-0.00598097,899.999011230469,Baseline,1
12.4,-0.00681661,899.999011230469,Baseline,1
15.4,-0.00275175,899.999011230469,Baseline,1
15.6,-0.00564562,899.999011230469,Baseline,1
16.2,-0.00754097,899.999011230469,Baseline,1
17.2,-0.0056948500000000004,899.999011230469,Baseline,1
18.8,-0.0065788,899.999011230469,Baseline,1
19.2,-0.00495148,899.999011230469,Baseline,1
22,-0.00714171,899.999011230469,Baseline,1
26.2,-0.00638229,899.999011230469,Baseline,1
26.4,-0.00705475,899.999011230469,Baseline,1
30.8,-0.00435919,899.999011230469,Baseline,1
32,-0.00614791,899.999011230469,Baseline,1
34,-0.0023235,899.999011230469,Baseline,1
34.4,-0.00634491,899.999011230469,Baseline,1
35.6,-0.00652731,899.999011230469,Baseline,1
37.2,-0.00635216,899.999011230469,Baseline,1
41.8,-0.00167392,899.999011230469,Baseline,1
42.2,-0.00707311,899.999011230469,Baseline,1
45.8,-0.00799295,899.999011230469,Baseline,1
47.2,-0.00657205,899.999011230469,Baseline,1
52.2,-0.00559229,899.999011230469,Baseline,1
52.4,-0.00963453,899.999011230469,Baseline,1
53,-0.00568869,899.999011230469,Baseline,1
54.4,-0.00920538,899.999011230469,Baseline,1
55.4,-0.00568316,899.999011230469,Baseline,1
56.4,-0.00680256,899.999011230469,Baseline,1
57.4,-0.0059786,899.999011230469,Baseline,1
59.2,-0.00591141,899.999011230469,Baseline,1
62.2,-0.00856577,899.999011230469,Baseline,1
62.4,-0.00692204,899.999011230469,Baseline,1
64,-0.00916099,899.999011230469,Baseline,1
64.8,-0.01113643,899.999011230469,Baseline,1
66.2,-0.00683168,899.999011230469,Baseline,1
68.2,-0.00409789,899.999011230469,Baseline,1
68.4,-0.00901788,899.999011230469,Baseline,1
69.4,-0.00714803,899.999011230469,Baseline,1
72.8,-0.00510323,899.999011230469,Baseline,1
73.2,-0.01226461,899.999011230469,Baseline,1
73.8,-0.00884146,899.999011230469,Baseline,1
74.6,-0.0078767,899.999011230469,Baseline,1
75.6,-0.00718596,899.999011230469,Baseline,1
76.2,-0.00758945,899.999011230469,Baseline,1
76.4,-0.00834073,899.999011230469,Baseline,1
80.2,-0.00871729,899.999011230469,Baseline,1
86.4,-0.00975451,899.999011230469,Baseline,1
88,-0.01260077,899.999011230469,Baseline,1
88.2,-0.01077797,899.999011230469,Baseline,1
90.2,-0.01210545,899.999011230469,Baseline,1
92.2,-0.01156204,899.999011230469,Baseline,1
96.4,-0.00528182,899.999011230469,Baseline,1
97.2,-0.0137907,899.999011230469,Baseline,1
100.8,-0.01009158,899.999011230469,Baseline,1
101.4,-0.00910085,899.999011230469,Baseline,1
102.2,-0.01106536,899.999011230469,Baseline,1
102.8,-0.00903471,899.999011230469,Baseline,1
103.8,-0.01063878,899.999011230469,Baseline,1
106.8,-0.0115977,899.999011230469,Baseline,1
107.2,-0.01156391,899.999011230469,Baseline,1
107.4,-0.01260608,899.999011230469,Baseline,1
112,-0.01145915,899.999011230469,Baseline,1
112.4,-0.01308249,899.999011230469,Baseline,1
115.6,-0.01201131,899.999011230469,Baseline,1
120.4,-0.01202384,899.999011230469,Baseline,1
120.6,-0.0093566,899.999011230469,Baseline,1
121.4,-0.01255393,899.999011230469,Baseline,1
124.2,-0.01169966,899.999011230469,Baseline,1
124.4,-0.01065578,899.999011230469,Baseline,1
125,-0.01176079,899.999011230469,Baseline,1
126.2,-0.01139382,899.999011230469,Baseline,1
126.8,-0.01273296,899.999011230469,Baseline,1
127.8,-0.01060912,899.999011230469,Baseline,1
129.4,-0.01154207,899.999011230469,Baseline,1
130.4,-0.01412252,899.999011230469,Baseline,1
131,-0.01256536,899.999011230469,Baseline,1
139.6,-0.01517592,899.999011230469,Baseline,1
140.8,-0.01504671,899.999011230469,Baseline,1
142,-0.01447817,899.999011230469,Baseline,1
148.6,-0.00992247,899.999011230469,Baseline,1
152.4,-0.011513550000000001,899.999011230469,Baseline,1
154.6,-0.01752628,899.999011230469,Baseline,1
156.2,-0.01259155,899.999011230469,Baseline,1
156.8,-0.01401827,899.999011230469,Baseline,1
159.8,-0.01474164,899.999011230469,Baseline,1
162,-0.0115466,899.999011230469,Baseline,1
164,-0.01698299,899.999011230469,Baseline,1
165.6,-0.01675517,899.999011230469,Baseline,1
166.4,-0.01421447,899.999011230469,Baseline,1
167,-0.01142139,899.999011230469,Baseline,1
168.4,-0.01481682,899.999011230469,Baseline,1
170,-0.01299924,899.999011230469,Baseline,1
172.6,-0.0175162,899.999011230469,Baseline,1
176,-0.01493064,899.999011230469,Baseline,1
176.4,-0.01685386,899.999011230469,Baseline,1
177.4,-0.01631563,899.999011230469,Baseline,1
178.8,-0.01458261,899.999011230469,Baseline,1
179.2,-0.01496839,899.999011230469,Baseline,1
180.6,-0.0187451,899.999011230469,Baseline,1
181.6,-0.01758362,899.999011230469,Baseline,1
181.8,-0.01370994,899.999011230469,Baseline,1
183.6,-0.01238235,899.999011230469,Baseline,1
186,-0.01330006,899.999011230469,Baseline,1
189.2,-0.01602957,899.999011230469,Baseline,1
191.6,-0.01678672,899.999011230469,Baseline,1
194.2,-0.01667336,899.999011230469,Baseline,1
198.4,-0.01711364,899.999011230469,Baseline,1
198.8,-0.01448997,899.999011230469,Baseline,1
200.8,-0.01654625,899.999011230469,Baseline,1
202.8,-0.01796647,899.999011230469,Baseline,1
205.4,-0.01551797,899.999011230469,Baseline,1
206.4,-0.01949037,899.999011230469,Baseline,1
208,-0.01940127,899.999011230469,Baseline,1
209,-0.01773087,899.999011230469,Baseline,1
210,-0.01959778,899.999011230469,Baseline,1
213.6,-0.0162251,899.999011230469,Baseline,1
217.2,-0.01905453,899.999011230469,Baseline,1
217.4,-0.01676263,899.999011230469,Baseline,1
217.8,-0.02042999,899.999011230469,Baseline,1
218.2,-0.02025962,899.999011230469,Baseline,1
220.6,-0.01835768,899.999011230469,Baseline,1
221.6,-0.01487005,899.999011230469,Baseline,1
223.6,-0.0171931,899.999011230469,Baseline,1
228.2,-0.02034732,899.999011230469,Baseline,1
228.6,-0.0192677,899.999011230469,Baseline,1
232,-0.016573,899.999011230469,Baseline,1
233.2,-0.02022362,899.999011230469,Baseline,1
234.6,-0.01754093,899.999011230469,Baseline,1
235,-0.02124108,899.999011230469,Baseline,1
237.2,-0.02328355,899.999011230469,Baseline,1
238.8,-0.01878976,899.999011230469,Baseline,1
239.2,-0.02102167,899.999011230469,Baseline,1
240.6,-0.01796252,899.999011230469,Baseline,1
242.6,-0.01970925,899.999011230469,Baseline,1
245.8,-0.01785975,899.999011230469,Baseline,1
250,-0.02139185,899.999011230469,Baseline,1
251,-0.02013879,899.999011230469,Baseline,1
253.6,-0.02217914,899.999011230469,Baseline,1
255,-0.02248385,899.999011230469,Baseline,1
255.4,-0.0219005,899.999011230469,Baseline,1
257.2,-0.02053223,899.999011230469,Baseline,1
262,-0.02279301,899.999011230469,Baseline,1
263.6,-0.0217361,899.999011230469,Baseline,1
266,-0.02291025,899.999011230469,Baseline,1
269,-0.02152831,899.999011230469,Baseline,1
269.4,-0.02246985,899.999011230469,Baseline,1
274.8,-0.02419489,899.999011230469,Baseline,1
279.2,-0.02362736,899.999011230469,Baseline,1
282.4,-0.02399692,899.999011230469,Baseline,1
284.6,-0.02223462,899.999011230469,Baseline,1
287.4,-0.02633359,899.999011230469,Baseline,1
290,-0.02093732,899.999011230469,Baseline,1
291.4,-0.02473803,899.999011230469,Baseline,1
292.4,-0.02163987,899.999011230469,Baseline,1
293.4,-0.02328503,899.999011230469,Baseline,1
294.4,-0.021402,899.999011230469,Baseline,1
300.8,-0.02719536,899.999011230469,Baseline,1
302.6,-0.02176684,899.999011230469,Baseline,1
306.2,-0.02495245,899.999011230469,Baseline,1
310.2,-0.02627524,899.999011230469,Baseline,1
313.4,-0.02762578,899.999011230469,Baseline,1
314.2,-0.02353185,899.999011230469,Baseline,1
314.6,-0.02609207,899.999011230469,Baseline,1
321.8,-0.02601806,899.999011230469,Baseline,1
325.2,-0.02899115,899.999011230469,Baseline,1
325.6,-0.03099846,899.999011230469,Baseline,1
329.2,-0.02752714,899.999011230469,Baseline,1
337.2,-0.02372586,899.999011230469,Baseline,1
337.8,-0.02859223,899.999011230469,Baseline,1
338.4,-0.02788562,899.999011230469,Baseline,1
338.8,-0.02553513,899.999011230469,Baseline,1
339.4,-0.02792477,899.999011230469,Baseline,1
341,-0.02679642,899.999011230469,Baseline,1
347,-0.0255111,899.999011230469,Baseline,1
347.6,-0.02982428,899.999011230469,Baseline,1
354.6,-0.0295942,899.999011230469,Baseline,1
355.2,-0.0246014,899.999011230469,Baseline,1
355.4,-0.02312046,899.999011230469,Baseline,1
363.8,-0.02608717,899.999011230469,Baseline,1
365.4,-0.03092708,899.999011230469,Baseline,1
366.4,-0.02798505,899.999011230469,Baseline,1
368.2,-0.02996849,899.999011230469,Baseline,1
371.2,-0.0290785,899.999011230469,Baseline,1
371.6,-0.0285742,899.999011230469,Baseline,1
375,-0.03070514,899.999011230469,Baseline,1
375.6,-0.03467131,899.999011230469,Baseline,1
376.2,-0.02576006,899.999011230469,Baseline,1
376.4,-0.02729893,899.999011230469,Baseline,1
380.4,-0.02772944,899.999011230469,Baseline,1
380.8,-0.02996445,899.999011230469,Baseline,1
381.4,-0.02797215,899.999011230469,Baseline,1
381.6,-0.02998971,899.999011230469,Baseline,1
381.8,-0.0277972,899.999011230469,Baseline,1
387.4,-0.02970555,899.999011230469,Baseline,1
390,-0.02910555,899.999011230469,Baseline,1
390.8,-0.02794586,899.999011230469,Baseline,1
391.8,-0.02735354,899.999011230469,Baseline,1
393.6,-0.03077806,899.999011230469,Baseline,1
397.6,-0.03158632,899.999011230469,Baseline,1
401.2,-0.02611998,899.999011230469,Baseline,1
401.8,-0.03230243,899.999011230469,Baseline,1
404.4,-0.03018613,899.999011230469,Baseline,1
404.8,-0.03041452,899.999011230469,Baseline,1
405.4,-0.03120369,899.999011230469,Baseline,1
406.4,-0.02965653,899.999011230469,Baseline,1
407.2,-0.0334571,899.999011230469,Baseline,1
407.8,-0.02708442,899.999011230469,Baseline,1
408.2,-0.02983792,899.999011230469,Baseline,1
412,-0.02678113,899.999011230469,Baseline,1
413,-0.03157393,899.999011230469,Baseline,1
421.4,-0.03284414,899.999011230469,Baseline,1
424.2,-0.0306876,899.999011230469,Baseline,1
425.8,-0.03052728,899.999011230469,Baseline,1
427,-0.03185159,899.999011230469,Baseline,1
429.2,-0.031763,899.999011230469,Baseline,1
429.8,-0.03105853,899.999011230469,Baseline,1
430.2,-0.03537732,899.999011230469,Baseline,1
430.8,-0.02932246,899.999011230469,Baseline,1
431,-0.03368987,899.999011230469,Baseline,1
432.4,-0.02858003,899.999011230469,Baseline,1
438.2,-0.0295798,899.999011230469,Baseline,1
439.6,-0.03025486,899.999011230469,Baseline,1
440.4,-0.03364177,899.999011230469,Baseline,1
441.2,-0.03303645,899.999011230469,Baseline,1
441.4,-0.03485926,899.999011230469,Baseline,1
441.8,-0.03232632,899.999011230469,Baseline,1
442.8,-0.03499171,899.999011230469,Baseline,1
443,-0.03188097,899.999011230469,Baseline,1
443.6,-0.03205079,899.999011230469,Baseline,1
444.8,-0.03133773,899.999011230469,Baseline,1
454,-0.03385881,899.999011230469,Baseline,1
456.4,-0.03641631,899.999011230469,Baseline,1
457.6,-0.03450457,899.999011230469,Baseline,1
461.4,-0.03148511,899.999011230469,Baseline,1
462.6,-0.0340884,899.999011230469,Baseline,1
463.2,-0.03309091,899.999011230469,Baseline,1
463.6,-0.03225639,899.999011230469,Baseline,1
464.6,-0.02948157,899.999011230469,Baseline,1
465.6,-0.03461334,899.999011230469,Baseline,1
467.6,-0.03608593,899.999011230469,Baseline,1
469.4,-0.03426686,899.999011230469,Baseline,1
471,-0.03084224,899.999011230469,Baseline,1
471.6,-0.0376283,899.999011230469,Baseline,1
472.2,-0.03450292,899.999011230469,Baseline,1
473.2,-0.03455608,899.999011230469,Baseline,1
474.2,-0.03274719,899.999011230469,Baseline,1
475.4,-0.03388039,899.999011230469,Baseline,1
477,-0.03257304,899.999011230469,Baseline,1
478.6,-0.03421325,899.999011230469,Baseline,1
481.8,-0.03385856,899.999011230469,Baseline,1
482,-0.03548296,899.999011230469,Baseline,1
483,-0.03661353,899.999011230469,Baseline,1
483.8,-0.03388489,899.999011230469,Baseline,1
486.4,-0.03372182,899.999011230469,Baseline,1
487.6,-0.0330117,899.999011230469,Baseline,1
491.2,-0.03686996,899.999011230469,Baseline,1
492.6,-0.03531606,899.999011230469,Baseline,1
499.2,-0.03880543,899.999011230469,Baseline,1
499.4,-0.03460498,899.999011230469,Baseline,1
499.6,-0.03491671,899.999011230469,Baseline,1
500.2,-0.03851353,899.999011230469,Baseline,1
501.8,-0.03379062,899.999011230469,Baseline,1
502,-0.03311281,899.999011230469,Baseline,1
502.4,-0.0330071,899.999011230469,Baseline,1
505.2,-0.03928158,899.999011230469,Baseline,1
507.2,-0.03667019,899.999011230469,Baseline,1
511.8,-0.03643291,899.999011230469,Baseline,1
512,-0.03788509,899.999011230469,Baseline,1
512.2,-0.03520415,899.999011230469,Baseline,1
516,-0.03651671,899.999011230469,Baseline,1
518.4,-0.03685186,899.999011230469,Baseline,1
520.2,-0.03427251,899.999011230469,Baseline,1
520.6,-0.04028536,899.999011230469,Baseline,1
524.6,-0.03961506,899.999011230469,Baseline,1
524.8,-0.03738091,899.999011230469,Baseline,1
525,-0.03852738,899.999011230469,Baseline,1
528,-0.03543791,899.999011230469,Baseline,1
530,-0.03551044,899.999011230469,Baseline,1
533,-0.038117,899.999011230469,Baseline,1
538,-0.04223515,899.999011230469,Baseline,1
547.4,-0.0385408,899.999011230469,Baseline,1
549,-0.04012622,899.999011230469,Baseline,1
553.2,-0.04215693,899.999011230469,Baseline,1
554.6,-0.03893407,899.999011230469,Baseline,1
556.2,-0.03724978,899.999011230469,Baseline,1
556.4,-0.03820622,899.999011230469,Baseline,1
561.2,-0.0399921,899.999011230469,Baseline,1
562,-0.04236694,899.999011230469,Baseline,1
563.6,-0.03883978,899.999011230469,Baseline,1
565,-0.04384225,899.999011230469,Baseline,1
565.4,-0.0385319,899.999011230469,Baseline,1
569.6,-0.04206273,899.999011230469,Baseline,1
570,-0.04437296,899.999011230469,Baseline,1
577,-0.04242229,899.999011230469,Baseline,1
586.2,-0.04218533,899.999011230469,Baseline,1
587,-0.04239888,899.999011230469,Baseline,1
588.2,-0.03970116,899.999011230469,Baseline,1
589.2,-0.03971945,899.999011230469,Baseline,1
591.2,-0.04209267,899.999011230469,Baseline,1
593.6,-0.04036672,899.999011230469,Baseline,1
593.8,-0.04070415,899.999011230469,Baseline,1
597.2,-0.04237739,899.999011230469,Baseline,1
600.8,-0.04312509,899.999011230469,Baseline,1
601.2,-0.03987671,899.999011230469,Baseline,1
603.8,-0.04144183,899.999011230469,Baseline,1
604.4,-0.04599547,899.999011230469,Baseline,1
605.8,-0.04273667,899.999011230469,Baseline,1
606.8,-0.04201565,899.999011230469,Baseline,1
607,-0.04137752,899.999011230469,Baseline,1
609.4,-0.04552107,899.999011230469,Baseline,1
610,-0.04195993,899.999011230469,Baseline,1
611.2,-0.04322103,899.999011230469,Baseline,1
612.4,-0.04435774,899.999011230469,Baseline,1
616,-0.0429256,899.999011230469,Baseline,1
617.2,-0.04223077,899.999011230469,Baseline,1
621,-0.04138976,899.999011230469,Baseline,1
621.4,-0.04569874,899.999011230469,Baseline,1
627.4,-0.04663379,899.999011230469,Baseline,1
629.8,-0.04171993,899.999011230469,Baseline,1
630.6,-0.0459136,899.999011230469,Baseline,1
632.2,-0.04301821,899.999011230469,Baseline,1
634.4,-0.04759404,899.999011230469,Baseline,1
636.4,-0.04147721,899.999011230469,Baseline,1
638.4,-0.04253639,899.999011230469,Baseline,1
640.2,-0.04881803,899.999011230469,Baseline,1
644,-0.04623152,899.999011230469,Baseline,1
644.2,-0.04812904,899.999011230469,Baseline,1
645.6,-0.04624131,899.999011230469,Baseline,1
646,-0.04199513,899.999011230469,Baseline,1
647.6,-0.04122445,899.999011230469,Baseline,1
649,-0.04500237,899.999011230469,Baseline,1
651.4,-0.04519504,899.999011230469,Baseline,1
652.6,-0.04770605,899.999011230469,Baseline,1
658.6,-0.04719102,899.999011230469,Baseline,1
663.2,-0.04336519,899.999011230469,Baseline,1
666.8,-0.04437799,899.999011230469,Baseline,1
672.6,-0.04697589,899.999011230469,Baseline,1
673.2,-0.04802571,899.999011230469,Baseline,1
673.4,-0.04388074,899.999011230469,Baseline,1
677.8,-0.04584002,899.999011230469,Baseline,1
681.2,-0.04768063,899.999011230469,Baseline,1
686.8,-0.04568558,899.999011230469,Baseline,1
689.2,-0.05003226,899.999011230469,Baseline,1
689.6,-0.04894274,899.999011230469,Baseline,1
693.2,-0.05008067,899.999011230469,Baseline,1
694.8,-0.04839269,899.999011230469,Baseline,1
695,-0.0462325,899.999011230469,Baseline,1
695.8,-0.05084383,899.999011230469,Baseline,1
697,-0.04782982,899.999011230469,Baseline,1
698.6,-0.04903632,899.999011230469,Baseline,1
700.2,-0.04950288,899.999011230469,Baseline,1
701.2,-0.04745309,899.999011230469,Baseline,1
701.6,-0.04882259,899.999011230469,Baseline,1
703,-0.04848573,899.999011230469,Baseline,1
703.2,-0.05009479,899.999011230469,Baseline,1
704.8,-0.05206859,899.999011230469,Baseline,1
706,-0.04717696,899.999011230469,Baseline,1
707.2,-0.0498265,899.999011230469,Baseline,1
708.2,-0.04957761,899.999011230469,Baseline,1
709,-0.05070728,899.999011230469,Baseline,1
710.2,-0.04787217,899.999011230469,Baseline,1
713.4,-0.04638013,899.999011230469,Baseline,1
713.8,-0.04808551,899.999011230469,Baseline,1
714.8,-0.04574265,899.999011230469,Baseline,1
717.4,-0.04795605,899.999011230469,Baseline,1
722.2,-0.04493532,899.999011230469,Baseline,1
722.4,-0.05353761,899.999011230469,Baseline,1
723,-0.04625593,899.999011230469,Baseline,1
725,-0.04758298,899.999011230469,Baseline,1
726.8,-0.04885569,899.999011230469,Baseline,1
732.6,-0.05478578,899.999011230469,Baseline,1
733.2,-0.04976416,899.999011230469,Baseline,1
733.6,-0.05042455,899.999011230469,Baseline,1
735.4,-0.04953933,899.999011230469,Baseline,1
737.2,-0.04915879,899.999011230469,Baseline,1
737.8,-0.04989943,899.999011230469,Baseline,1
738.2,-0.05073411,899.999011230469,Baseline,1
738.8,-0.04995972,899.999011230469,Baseline,1
740.4,-0.05113824,899.999011230469,Baseline,1
742.8,-0.05117543,899.999011230469,Baseline,1
743.4,-0.05176255,899.999011230469,Baseline,1
743.6,-0.04907412,899.999011230469,Baseline,1
746.8,-0.05137428,899.999011230469,Baseline,1
748.6,-0.04931131,899.999011230469,Baseline,1
750.8,-0.05082568,899.999011230469,Baseline,1
758.4,-0.05186855,899.999011230469,Baseline,1
759.4,-0.05248785,899.999011230469,Baseline,1
759.6,-0.05297958,899.999011230469,Baseline,1
762.6,-0.05370425,899.999011230469,Baseline,1
763,-0.05403633,899.999011230469,Baseline,1
765.2,-0.05356256,899.999011230469,Baseline,1
766.6,-0.05152063,899.999011230469,Baseline,1
767.2,-0.0516247,899.999011230469,Baseline,1
768.2,-0.05196069,899.999011230469,Baseline,1
769.8,-0.05098603,899.999011230469,Baseline,1
775.8,-0.05214042,899.999011230469,Baseline,1
776.2,-0.05398588,899.999011230469,Baseline,1
777,-0.05470388,899.999011230469,Baseline,1
777.4,-0.05453821,899.999011230469,Baseline,1
780.2,-0.05542667,899.999011230469,Baseline,1
786,-0.051122,899.999011230469,Baseline,1
787,-0.05527435,899.999011230469,Baseline,1
791,-0.05232059,899.999011230469,Baseline,1
793.4,-0.05223715,899.999011230469,Baseline,1
795.2,-0.05674998,899.999011230469,Baseline,1
795.4,-0.05645378,899.999011230469,Baseline,1
795.6,-0.05323947,899.999011230469,Baseline,1
796.4,-0.05333639,899.999011230469,Baseline,1
800.2,-0.05344381,899.999011230469,Baseline,1
801.8,-0.05179876,899.999011230469,Baseline,1
805,-0.05567407,899.999011230469,Baseline,1
807.6,-0.05722007,899.999011230469,Baseline,1
808.2,-0.05537628,899.999011230469,Baseline,1
809.2,-0.05503792,899.999011230469,Baseline,1
809.8,-0.05321129,899.999011230469,Baseline,1
810,-0.05465493,899.999011230469,Baseline,1
811,-0.052933,899.999011230469,Baseline,1
813,-0.05413947,899.999011230469,Baseline,1
815.2,-0.05733997,899.999011230469,Baseline,1
817.4,-0.05256115,899.999011230469,Baseline,1
818.8,-0.05725873,899.999011230469,Baseline,1
821.6,-0.05639645,899.999011230469,Baseline,1
822,-0.05759062,899.999011230469,Baseline,1
837.4,-0.05542692,899.999011230469,Baseline,1
841.8,-0.05856022,899.999011230469,Baseline,1
843.6,-0.06093241,899.999011230469,Baseline,1
846.4,-0.05683991,899.999011230469,Baseline,1
846.6,-0.06111522,899.999011230469,Baseline,1
851.4,-0.05878095,899.999011230469,Baseline,1
854.4,-0.06059331,899.999011230469,Baseline,1
854.6,-0.05928784,899.999011230469,Baseline,1
857.4,-0.05787137,899.999011230469,Baseline,1
858.2,-0.05678662,899.999011230469,Baseline,1
859.6,-0.05965824,899.999011230469,Baseline,1
859.8,-0.06103017,899.999011230469,Baseline,1
860,-0.06017599,899.999011230469,Baseline,1
860.2,-0.05966663,899.999011230469,Baseline,1
860.8,-0.0599625,899.999011230469,Baseline,1
861.4,-0.05891076,899.999011230469,Baseline,1
862.4,-0.05566487,899.999011230469,Baseline,1
865,-0.05729259,899.999011230469,Baseline,1
865.4,-0.05441851,899.999011230469,Baseline,1
867.6,-0.06354131,899.999011230469,Baseline,1
867.8,-0.06214749,899.999011230469,Baseline,1
869.4,-0.06075575,899.999011230469,Baseline,1
870.8,-0.05700616,899.999011230469,Baseline,1
871.4,-0.06004877,899.999011230469,Baseline,1
873,-0.05705583,899.999011230469,Baseline,1
873.6,-0.05837101,899.999011230469,Baseline,1
875.2,-0.05542468,899.999011230469,Baseline,1
881.2,-0.05870067,899.999011230469,Baseline,1
881.4,-0.05773544,899.999011230469,Baseline,1
883.6,-0.06153428,899.999011230469,Baseline,1
887.2,-0.06121689,899.999011230469,Baseline,1
890,-0.06035509,899.999011230469,Baseline,1
891,-0.0584611,899.999011230469,Baseline,1
892,-0.05917422,899.999011230469,Baseline,1
894.6,-0.05792036,899.999011230469,Baseline,1
899,-0.05966051,899.999011230469,Baseline,1
903.8,-0.03713077,600.000048828125,Association,2
909.8,-0.01072447,600.000048828125,Association,2
911.8,0.00313739,600.000048828125,Association,2
912.8,0.00682754,600.000048828125,Association,2
914,0.01107263,600.000048828125,Association,2
915,0.01711448,600.000048828125,Association,2
917,0.02697619,600.000048828125,Association,2
917.2,0.02767949,600.000048828125,Association,2
918.6,0.03543546,600.000048828125,Association,2
919,0.03923967,600.000048828125,Association,2
919.4,0.03708787,600.000048828125,Association,2
920,0.0384171,600.000048828125,Association,2
920.8,0.03696699,600.000048828125,Association,2
921.6,0.05166292,600.000048828125,Association,2
922,0.0516222,600.000048828125,Association,2
923.4,0.05580677,600.000048828125,Association,2
923.8,0.05216674,600.000048828125,Association,2
925.2,0.06248449,600.000048828125,Association,2
930.8,0.09713136,600.000048828125,Association,2
934.8,0.10888426,600.000048828125,Association,2
936.6,0.11741721,600.000048828125,Association,2
936.8,0.11793885,600.000048828125,Association,2
937,0.12063389,600.000048828125,Association,2
938.6,0.12112938,600.000048828125,Association,2
941.4,0.13822871,600.000048828125,Association,2
944,0.15107104,600.000048828125,Association,2
947,0.16563050000000001,600.000048828125,Association,2
947.2,0.16268061,600.000048828125,Association,2
948.2,0.16730753,600.000048828125,Association,2
949.4,0.17533824,600.000048828125,Association,2
949.6,0.16868484,600.000048828125,Association,2
955,0.19501458,600.000048828125,Association,2
956.4,0.19739179,600.000048828125,Association,2
961,0.22029462,600.000048828125,Association,2
965.2,0.23691542,600.000048828125,Association,2
968.6,0.24762955,600.000048828125,Association,2
970,0.25595143,600.000048828125,Association,2
970.8,0.26045886,600.000048828125,Association,2
975.8,0.27609411,600.000048828125,Association,2
977.4,0.2805241,600.000048828125,Association,2
978,0.28103241,600.000048828125,Association,2
979.6,0.28929079,600.000048828125,Association,2
980.6,0.29300955,600.000048828125,Association,2
985.2,0.30634892,600.000048828125,Association,2
985.4,0.30546004,600.000048828125,Association,2
985.8,0.31054237,600.000048828125,Association,2
989,0.31801096,600.000048828125,Association,2
995.4,0.33946913,600.000048828125,Association,2
997.2,0.34499016,600.000048828125,Association,2
997.8,0.34207395,600.000048828125,Association,2
1000.2,0.34923729,600.000048828125,Association,2
1003.2,0.36217797,600.000048828125,Association,2
1004.4,0.3624264,600.000048828125,Association,2
1004.6,0.36441201,600.000048828125,Association,2
1005.2,0.36662295,600.000048828125,Association,2
1006.2,0.3711648,600.000048828125,Association,2
1013.8,0.38808352,600.000048828125,Association,2
1015,0.39376193,600.000048828125,Association,2
1016.2,0.39421317,600.000048828125,Association,2
1016.6,0.39756995,600.000048828125,Association,2
1017.2,0.3997733,600.000048828125,Association,2
1020.2,0.40734228,600.000048828125,Association,2
1023,0.41071832,600.000048828125,Association,2
1027.2,0.41999114,600.000048828125,Association,2
1029.8,0.41716456,600.000048828125,Association,2
1030,0.42228329,600.000048828125,Association,2
1030.4,0.42330638,600.000048828125,Association,2
1031,0.42318967,600.000048828125,Association,2
1035.4,0.43041304,600.000048828125,Association,2
1036.4,0.43935907,600.000048828125,Association,2
1039.8,0.44317499,600.000048828125,Association,2
1040,0.44309881,600.000048828125,Association,2
1042.4,0.44845045,600.000048828125,Association,2
1043.4,0.44779235,600.000048828125,Association,2
1045,0.45476943,600.000048828125,Association,2
1046.8,0.45717698,600.000048828125,Association,2
1049.4,0.46117502,600.000048828125,Association,2
1050,0.46240231,600.000048828125,Association,2
1050.4,0.46721581,600.000048828125,Association,2
1057,0.47097233,600.000048828125,Association,2
1058.2,0.47204188,600.000048828125,Association,2
1059.4,0.47364208,600.000048828125,Association,2
1062.6,0.48076257,600.000048828125,Association,2
1063,0.48053816,600.000048828125,Association,2
1063.4,0.48179355,600.000048828125,Association,2
1066.2,0.48758024,600.000048828125,Association,2
1068.8,0.49226123,600.000048828125,Association,2
1069,0.48956001,600.000048828125,Association,2
1072.8,0.49362001,600.000048828125,Association,2
1076.2,0.49863288,600.000048828125,Association,2
1078.4,0.49948359,600.000048828125,Association,2
1081.4,0.50566947,600.000048828125,Association,2
1084.8,0.51229393,600.000048828125,Association,2
1086.4,0.50767392,600.000048828125,Association,2
1090.2,0.51424891,600.000048828125,Association,2
1093.4,0.5170542,600.000048828125,Association,2
1096,0.52358568,600.000048828125,Association,2
1101.8,0.52830613,600.000048828125,Association,2
1102,0.52824318,600.000048828125,Association,2
1103.6,0.53091383,600.000048828125,Association,2
1104.8,0.52958679,600.000048828125,Association,2
1106.2,0.53054291,600.000048828125,Association,2
1106.4,0.53436863,600.000048828125,Association,2
1108.2,0.53455138,600.000048828125,Association,2
1110.2,0.5357669,600.000048828125,Association,2
1110.8,0.53923589,600.000048828125,Association,2
1126.8,0.55279011,600.000048828125,Association,2
1127.6,0.54806966,600.000048828125,Association,2
1128.4,0.54724252,600.000048828125,Association,2
1130.4,0.55469555,600.000048828125,Association,2
1131,0.55430388,600.000048828125,Association,2
1133.4,0.55343765,600.000048828125,Association,2
1133.8,0.5593735,600.000048828125,Association,2
1134,0.55325288,600.000048828125,Association,2
1137,0.55467117,600.000048828125,Association,2
1137.6,0.55703402,600.000048828125,Association,2
1138.4,0.56015247,600.000048828125,Association,2
1139.4,0.5626297,600.000048828125,Association,2
1140.2,0.56031889,600.000048828125,Association,2
1141.2,0.55912733,600.000048828125,Association,2
1141.8,0.56017458,600.000048828125,Association,2
1142,0.55831194,600.000048828125,Association,2
1144.2,0.5582366,600.000048828125,Association,2
1150,0.56722039,600.000048828125,Association,2
1151.2,0.56423146,600.000048828125,Association,2
1151.4,0.56728637,600.000048828125,Association,2
1152.2,0.56633854,600.000048828125,Association,2
1152.6,0.57024723,600.000048828125,Association,2
1153.2,0.56750613,600.000048828125,Association,2
1154.2,0.56804085,600.000048828125,Association,2
1154.4,0.57438201,600.000048828125,Association,2
1155.4,0.56884509,600.000048828125,Association,2
1156.6,0.56875581,600.000048828125,Association,2
1158.4,0.5684427,600.000048828125,Association,2
1159.2,0.56766063,600.000048828125,Association,2
1166.4,0.57377827,600.000048828125,Association,2
1167,0.57521397,600.000048828125,Association,2
1168.6,0.57591105,600.000048828125,Association,2
1170.6,0.57777125,600.000048828125,Association,2
1172.6,0.57952458,600.000048828125,Association,2
1172.8,0.57788861,600.000048828125,Association,2
1175.2,0.57782507,600.000048828125,Association,2
1175.8,0.57936043,600.000048828125,Association,2
1176.2,0.58192652,600.000048828125,Association,2
1176.6,0.58168912,600.000048828125,Association,2
1178.6,0.58102834,600.000048828125,Association,2
1179,0.58111769,600.000048828125,Association,2
1181.8,0.58237207,600.000048828125,Association,2
1182.8,0.5842976,600.000048828125,Association,2
1183.8,0.58727986,600.000048828125,Association,2
1184,0.58599466,600.000048828125,Association,2
1185,0.58419037,600.000048828125,Association,2
1189.4,0.58577585,600.000048828125,Association,2
1190.6,0.59009528,600.000048828125,Association,2
1192,0.58880657,600.000048828125,Association,2
1194.8,0.58973557,600.000048828125,Association,2
1195.2,0.59202349,600.000048828125,Association,2
1197.2,0.59072888,600.000048828125,Association,2
1197.6,0.5953145,600.000048828125,Association,2
1200,0.59297109,600.000048828125,Association,2
1201.8,0.59500444,600.000048828125,Association,2
1203.6,0.59534985,600.000048828125,Association,2
1204.8,0.59908777,600.000048828125,Association,2
1206.6,0.59369481,600.000048828125,Association,2
1207.4,0.59957284,600.000048828125,Association,2
1208.8,0.59927696,600.000048828125,Association,2
1209.6,0.59441859,600.000048828125,Association,2
1210.4,0.59758556,600.000048828125,Association,2
1219,0.60135913,600.000048828125,Association,2
1220.6,0.60477215,600.000048828125,Association,2
1221,0.60296607,600.000048828125,Association,2
1224.2,0.60471505,600.000048828125,Association,2
1227,0.60288745,600.000048828125,Association,2
1229.2,0.60928792,600.000048828125,Association,2
1233.2,0.60907221,600.000048828125,Association,2
1233.8,0.60618377,600.000048828125,Association,2
1234.4,0.6059984,600.000048828125,Association,2
1235.4,0.60905129,600.000048828125,Association,2
1241.6,0.61007738,600.000048828125,Association,2
1242.4,0.60783094,600.000048828125,Association,2
1245.8,0.61317003,600.000048828125,Association,2
1246,0.6157971,600.000048828125,Association,2
1247.4,0.61046469,600.000048828125,Association,2
1249,0.61319393,600.000048828125,Association,2
1251,0.61348259,600.000048828125,Association,2
1251.8,0.61438191,600.000048828125,Association,2
1252.2,0.61496711,600.000048828125,Association,2
1252.8,0.6094169,600.000048828125,Association,2
1255.2,0.6103946,600.000048828125,Association,2
1255.4,0.61437356,600.000048828125,Association,2
1257,0.6136921,600.000048828125,Association,2
1257.2,0.61492896,600.000048828125,Association,2
1257.4,0.61680734,600.000048828125,Association,2
1260,0.61856562,600.000048828125,Association,2
1260.4,0.61340362,600.000048828125,Association,2
1262.2,0.6197325,600.000048828125,Association,2
1264.2,0.61327887,600.000048828125,Association,2
1267.2,0.62204057,600.000048828125,Association,2
1267.6,0.61996812,600.000048828125,Association,2
1270.6,0.61954165,600.000048828125,Association,2
1272.2,0.62302971,600.000048828125,Association,2
1273.8,0.61995786,600.000048828125,Association,2
1274.2,0.62175518,600.000048828125,Association,2
1278.4,0.62471271,600.000048828125,Association,2
1279.6,0.62142462,600.000048828125,Association,2
1279.8,0.62238055,600.000048828125,Association,2
1280,0.62407243,600.000048828125,Association,2
1281.4,0.62529457,600.000048828125,Association,2
1283.6,0.62161529,600.000048828125,Association,2
1283.8,0.62411469,600.000048828125,Association,2
1286.8,0.62541473,600.000048828125,Association,2
1288.2,0.62960422,600.000048828125,Association,2
1288.8,0.62185752,600.000048828125,Association,2
1289.4,0.62960863,600.000048828125,Association,2
1290,0.62849343,600.000048828125,Association,2
1295.4,0.62402344,600.000048828125,Association,2
1296.6,0.62501425,600.000048828125,Association,2
1296.8,0.62632149,600.000048828125,Association,2
1298.2,0.62676042,600.000048828125,Association,2
1299.8,0.62846267,600.000048828125,Association,2
1301.8,0.62765765,600.000048828125,Association,2
1302,0.62837094,600.000048828125,Association,2
1302.6,0.62781334,600.000048828125,Association,2
1303,0.62818825,600.000048828125,Association,2
1304.8,0.62658828,600.000048828125,Association,2
1306.2,0.63030684,600.000048828125,Association,2
1306.4,0.62950283,600.000048828125,Association,2
1307.8,0.63179177,600.000048828125,Association,2
1309.2,0.63055861,600.000048828125,Association,2
1310,0.62702322,600.000048828125,Association,2
1315.6,0.62908816,600.000048828125,Association,2
1317.8,0.63467616,600.000048828125,Association,2
1318.8,0.62645894,600.000048828125,Association,2
1322.8,0.63476068,600.000048828125,Association,2
1324.6,0.63649845,600.000048828125,Association,2
1327.4,0.63429511,600.000048828125,Association,2
1330.8,0.63692415,600.000048828125,Association,2
1331.8,0.63584799,600.000048828125,Association,2
1332.4,0.63119555,600.000048828125,Association,2
1333,0.63437259,600.000048828125,Association,2
1335.4,0.63814861,600.000048828125,Association,2
1336.6,0.63235247000000006,600.000048828125,Association,2
1338.6,0.63581991,600.000048828125,Association,2
1339.4,0.63751072,600.000048828125,Association,2
1339.8,0.63667023,600.000048828125,Association,2
1346.4,0.63582546,600.000048828125,Association,2
1349.2,0.63995934,600.000048828125,Association,2
1349.4,0.63585174,600.000048828125,Association,2
1351.8,0.63865417,600.000048828125,Association,2
1362.8,0.64009237,600.000048828125,Association,2
1363.8,0.6416266,600.000048828125,Association,2
1365.4,0.63956434,600.000048828125,Association,2
1366,0.64358991,600.000048828125,Association,2
1375.6,0.64384907,600.000048828125,Association,2
1384.8,0.6423189,600.000048828125,Association,2
1385.8,0.64514458,600.000048828125,Association,2
1386,0.64122117,600.000048828125,Association,2
1387,0.6417051,600.000048828125,Association,2
1388.2,0.6392889,600.000048828125,Association,2
1394.4,0.6461643,600.000048828125,Association,2
1399.6,0.64838469,600.000048828125,Association,2
1403.8,0.64446622,600.000048828125,Association,2
1404.6,0.6471194,600.000048828125,Association,2
1405.4,0.64528644,600.000048828125,Association,2
1406.4,0.64620626,600.000048828125,Association,2
1407.6,0.64800459,600.000048828125,Association,2
1414.2,0.64478701,600.000048828125,Association,2
1414.6,0.64774168,600.000048828125,Association,2
1414.8,0.64848036,600.000048828125,Association,2
1416,0.64908892,600.000048828125,Association,2
1422,0.65057701,600.000048828125,Association,2
1427.2,0.64864123,600.000048828125,Association,2
1427.8,0.64655471,600.000048828125,Association,2
1429.8,0.64931649,600.000048828125,Association,2
1430.4,0.6554895,600.000048828125,Association,2
1437.01,0.65067494,600.000048828125,Association,2
1438,0.64895999,600.000048828125,Association,2
1439.6,0.64821476,600.000048828125,Association,2
1446.2,0.64775699,600.000048828125,Association,2
1449.2,0.64726019,600.000048828125,Association,2
1449.8,0.65332687,600.000048828125,Association,2
1451.4,0.65285712,600.000048828125,Association,2
1453.4,0.65447533,600.000048828125,Association,2
1454.2,0.6500749,600.000048828125,Association,2
1455.4,0.65032589,600.000048828125,Association,2
1455.6,0.65032655,600.000048828125,Association,2
1458.2,0.65654153,600.000048828125,Association,2
1458.4,0.65193254,600.000048828125,Association,2
1459.6,0.65488636,600.000048828125,Association,2
1461.2,0.65514106,600.000048828125,Association,2
1463,0.65346032,600.000048828125,Association,2
1469.2,0.65740865,600.000048828125,Association,2
1471.4,0.65308666,600.000048828125,Association,2
1474.8,0.65604025,600.000048828125,Association,2
1475.4,0.65705436,600.000048828125,Association,2
1478.6,0.65518957,600.000048828125,Association,2
1480,0.64988178,600.000048828125,Association,2
1480.2,0.65373641,600.000048828125,Association,2
1480.6,0.65289527,600.000048828125,Association,2
1482.4,0.65850228,600.000048828125,Association,2
1483.6,0.65472025,600.000048828125,Association,2
1484.8,0.6569165,600.000048828125,Association,2
1486,0.65609974,600.000048828125,Association,2
1487.4,0.65679407,600.000048828125,Association,2
1488,0.65721393,600.000048828125,Association,2
1490.2,0.65887994,600.000048828125,Association,2
1496.2,0.65468395,600.000048828125,Association,2
1498,0.65680379,600.000048828125,Association,2
1498.2,0.6585443,600.000048828125,Association,2
1502,0.62843877,400.000048828125,Dissociation,3
1506.6,0.62508518,400.000048828125,Dissociation,3
1507.8,0.62668222,400.000048828125,Dissociation,3
1511.6,0.625368,400.000048828125,Dissociation,3
1512.4,0.62501609,400.000048828125,Dissociation,3
1513.4,0.62128782,400.000048828125,Dissociation,3
1514.2,0.61832339,400.000048828125,Dissociation,3
1514.8,0.62001711,400.000048828125,Dissociation,3
1515.2,0.61927903,400.000048828125,Dissociation,3
1520.8,0.61877108,400.000048828125,Dissociation,3
1522.8,0.61161178,400.000048828125,Dissociation,3
1529.6,0.60561609,400.000048828125,Dissociation,3
1531.8,0.60695332,400.000048828125,Dissociation,3
1540.2,0.5984866,400.000048828125,Dissociation,3
1544.2,0.60011923,400.000048828125,Dissociation,3
1546.2,0.59904701,400.000048828125,Dissociation,3
1552.6,0.59504497,400.000048828125,Dissociation,3
1554.6,0.5960201,400.000048828125,Dissociation,3
1560.2,0.58625579,400.000048828125,Dissociation,3
1560.8,0.59010845,400.000048828125,Dissociation,3
1561.8,0.58778465,400.000048828125,Dissociation,3
1563.4,0.5848527,400.000048828125,Dissociation,3
1564,0.5831911,400.000048828125,Dissociation,3
1564.2,0.58608514,400.000048828125,Dissociation,3
1566.6,0.58285803,400.000048828125,Dissociation,3
1566.8,0.58300197,400.000048828125,Dissociation,3
1567.4,0.584418,400.000048828125,Dissociation,3
1568.8,0.58412611,400.000048828125,Dissociation,3
1569.2,0.58033687,400.000048828125,Dissociation,3
1571.6,0.58146805,400.000048828125,Dissociation,3
1572.4,0.577654,400.000048828125,Dissociation,3
1572.8,0.57995325,400.000048828125,Dissociation,3
1575.6,0.57887769,400.000048828125,Dissociation,3
1578.8,0.57632673,400.000048828125,Dissociation,3
1580,0.57364005,400.000048828125,Dissociation,3
1582.8,0.57425445,400.000048828125,Dissociation,3
1583.4,0.57557136,400.000048828125,Dissociation,3
1585.2,0.57080781,400.000048828125,Dissociation,3
1587,0.56965119,400.000048828125,Dissociation,3
1587.2,0.57104117,400.000048828125,Dissociation,3
1587.8,0.56997663,400.000048828125,Dissociation,3
1588.6,0.57051015,400.000048828125,Dissociation,3
1589.2,0.57292742,400.000048828125,Dissociation,3
1590.8,0.5710237,400.000048828125,Dissociation,3
1592.2,0.56919694,400.000048828125,Dissociation,3
1593.4,0.5694623,400.000048828125,Dissociation,3
1594,0.56858373,400.000048828125,Dissociation,3
1595,0.56703293,400.000048828125,Dissociation,3
1596.8,0.56708884,400.000048828125,Dissociation,3
1597,0.56553793,400.000048828125,Dissociation,3
1597.2,0.56642532,400.000048828125,Dissociation,3
1598.8,0.56455755,400.000048828125,Dissociation,3
1600.6,0.56145978,400.000048828125,Dissociation,3
1602.2,0.56396008,400.000048828125,Dissociation,3
1610.2,0.55416787,400.000048828125,Dissociation,3
1617,0.55551744,400.000048828125,Dissociation,3
1619,0.5540756,400.000048828125,Dissociation,3
1619.4,0.55304378,400.000048828125,Dissociation,3
1624.6,0.54553169,400.000048828125,Dissociation,3
1625.4,0.54692364,400.000048828125,Dissociation,3
1628.4,0.54999638,400.000048828125,Dissociation,3
1632.6,0.54473013,400.000048828125,Dissociation,3
1639.8,0.54345512,400.000048828125,Dissociation,3
1640.4,0.53708947,400.000048828125,Dissociation,3
1651.6,0.53359348,400.000048828125,Dissociation,3
1652.6,0.53349817,400.000048828125,Dissociation,3
1652.8,0.53390837,400.000048828125,Dissociation,3
1653.8,0.53104544,400.000048828125,Dissociation,3
1654,0.53297889,400.000048828125,Dissociation,3
1656.6,0.53140646,400.000048828125,Dissociation,3
1661.4,0.52880132,400.000048828125,Dissociation,3
1668.2,0.52957958,400.000048828125,Dissociation,3
1668.4,0.52627617,400.000048828125,Dissociation,3
1669.6,0.52496636,400.000048828125,Dissociation,3
1671,0.52779907,400.000048828125,Dissociation,3
1671.2,0.52577394,400.000048828125,Dissociation,3
1671.4,0.52457571,400.000048828125,Dissociation,3
1672.8,0.52480161,400.000048828125,Dissociation,3
1673.4,0.52430749,400.000048828125,Dissociation,3
1676.4,0.52278095,400.000048828125,Dissociation,3
1676.8,0.52293938,400.000048828125,Dissociation,3
1679.2,0.52083576,400.000048828125,Dissociation,3
1679.4,0.51955765,400.000048828125,Dissociation,3
1679.8,0.52180952,400.000048828125,Dissociation,3
1680.2,0.51816624,400.000048828125,Dissociation,3
1682.8,0.52153605,400.000048828125,Dissociation,3
1683.2,0.52047288,400.000048828125,Dissociation,3
1685.4,0.52106267,400.000048828125,Dissociation,3
1687.4,0.51669139,400.000048828125,Dissociation,3
1688.2,0.51739937,400.000048828125,Dissociation,3
1692.02,0.51164865,400.000048828125,Dissociation,3
1695,0.51516712,400.000048828125,Dissociation,3
1696.2,0.51425934,400.000048828125,Dissociation,3
1697,0.51064646,400.000048828125,Dissociation,3
1698.2,0.51357239,400.000048828125,Dissociation,3
1699.4,0.51607698,400.000048828125,Dissociation,3
1699.8,0.5124566,400.000048828125,Dissociation,3
1700,0.51119876,400.000048828125,Dissociation,3
1702.6,0.51117373,400.000048828125,Dissociation,3
1703,0.5117352,400.000048828125,Dissociation,3
1707,0.50741875,400.000048828125,Dissociation,3
1707.4,0.50880969,400.000048828125,Dissociation,3
1708.4,0.50616908,400.000048828125,Dissociation,3
1710.4,0.50925732,400.000048828125,Dissociation,3
1711.4,0.50704348,400.000048828125,Dissociation,3
1712.2,0.50414151,400.000048828125,Dissociation,3
1713,0.50447708,400.000048828125,Dissociation,3
1723.4,0.5001604,400.000048828125,Dissociation,3
1725,0.50083524,400.000048828125,Dissociation,3
1725.2,0.50207764,400.000048828125,Dissociation,3
1728.4,0.49717134,400.000048828125,Dissociation,3
1729,0.49651888,400.000048828125,Dissociation,3
1732.4,0.49776164,400.000048828125,Dissociation,3
1734.2,0.49413034,400.000048828125,Dissociation,3
1735.2,0.49480441,400.000048828125,Dissociation,3
1735.6,0.49508089,400.000048828125,Dissociation,3
1736.2,0.49421725,400.000048828125,Dissociation,3
1742.6,0.49346146,400.000048828125,Dissociation,3
1746,0.48579943,400.000048828125,Dissociation,3
1750,0.49304596,400.000048828125,Dissociation,3
1751.6,0.4867135,400.000048828125,Dissociation,3
1755.4,0.48596787,400.000048828125,Dissociation,3
1758.4,0.48445803,400.000048828125,Dissociation,3
1759,0.48260364,400.000048828125,Dissociation,3
1759.2,0.48247734,400.000048828125,Dissociation,3
1759.4,0.4867391,400.000048828125,Dissociation,3
1760.4,0.48235536,400.000048828125,Dissociation,3
1760.8,0.48225299,400.000048828125,Dissociation,3
1763.4,0.4812423,400.000048828125,Dissociation,3
1765.4,0.48260599,400.000048828125,Dissociation,3
1765.6,0.48191178,400.000048828125,Dissociation,3
1770.6,0.47644117,400.000048828125,Dissociation,3
1773.8,0.47943851,400.000048828125,Dissociation,3
1774,0.4800823,400.000048828125,Dissociation,3
1775.2,0.47909522,400.000048828125,Dissociation,3
1776,0.47805804,400.000048828125,Dissociation,3
1778.2,0.47566196,400.000048828125,Dissociation,3
1778.6,0.47736189,400.000048828125,Dissociation,3
1779.4,0.47489288,400.000048828125,Dissociation,3
1783.6,0.47365302,400.000048828125,Dissociation,3
1785.4,0.46979547,400.000048828125,Dissociation,3
1786.2,0.47449979,400.000048828125,Dissociation,3
1787.2,0.47314513,400.000048828125,Dissociation,3
1788.2,0.4706291,400.000048828125,Dissociation,3
1788.6,0.46920925,400.000048828125,Dissociation,3
1789.6,0.47183102,400.000048828125,Dissociation,3
1790.4,0.47052518,400.000048828125,Dissociation,3
1791.2,0.46424082,400.000048828125,Dissociation,3
1793,0.47121385,400.000048828125,Dissociation,3
1796,0.46863145,400.000048828125,Dissociation,3
1796.8,0.46785757,400.000048828125,Dissociation,3
1803.4,0.46665326,400.000048828125,Dissociation,3
1806.6,0.46763667,400.000048828125,Dissociation,3
1810.6,0.46685255,400.000048828125,Dissociation,3
1811.6,0.46648702,400.000048828125,Dissociation,3
1813.2,0.46049383,400.000048828125,Dissociation,3
1813.8,0.46565735,400.000048828125,Dissociation,3
1817.6,0.46105972,400.000048828125,Dissociation,3
1817.8,0.46001473,400.000048828125,Dissociation,3
1818.2,0.46103081,400.000048828125,Dissociation,3
1821.6,0.45838198,400.000048828125,Dissociation,3
1823.2,0.45940992,400.000048828125,Dissociation,3
1826.2,0.45801151,400.000048828125,Dissociation,3
1827.8,0.45510903,400.000048828125,Dissociation,3
1829,0.45763656,400.000048828125,Dissociation,3
1831.6,0.45618355,400.000048828125,Dissociation,3
1833.6,0.45336971,400.000048828125,Dissociation,3
1837.6,0.45398739,400.000048828125,Dissociation,3
1842.6,0.44915715,400.000048828125,Dissociation,3
1845.8,0.45286736,400.000048828125,Dissociation,3
1846.6,0.45318592,400.000048828125,Dissociation,3
1847.2,0.45034215,400.000048828125,Dissociation,3
1847.8,0.44905084,400.000048828125,Dissociation,3
1849.2,0.45178199,400.000048828125,Dissociation,3
1852.2,0.44851315,400.000048828125,Dissociation,3
1854.4,0.44475198,400.000048828125,Dissociation,3
1856,0.4475269,400.000048828125,Dissociation,3
1856.2,0.44450337,400.000048828125,Dissociation,3
1859.4,0.44214585,400.000048828125,Dissociation,3
1861.2,0.44800687,400.000048828125,Dissociation,3
1866,0.44768748,400.000048828125,Dissociation,3
1867.4,0.44354016,400.000048828125,Dissociation,3
1870.4,0.44486272,400.000048828125,Dissociation,3
1877.4,0.436739,400.000048828125,Dissociation,3
1880,0.44083822,400.000048828125,Dissociation,3
1880.6,0.43735847,400.000048828125,Dissociation,3
1881.8,0.43739361,400.000048828125,Dissociation,3
1883,0.4364717,400.000048828125,Dissociation,3
1884,0.43664503,400.000048828125,Dissociation,3
1886.6,0.43458152,400.000048828125,Dissociation,3
1887.6,0.436048,400.000048828125,Dissociation,3
1890.4,0.43760511,400.000048828125,Dissociation,3
1891,0.43423676,400.000048828125,Dissociation,3
1892.8,0.43422654,400.000048828125,Dissociation,3
1893.2,0.43392494,400.000048828125,Dissociation,3
1894.4,0.43396512,400.000048828125,Dissociation,3
1896.8,0.43043643,400.000048828125,Dissociation,3
