x,y
-1.557441191012206,-0.3932588089877942
-1.5575911955998383,-0.03640880440016184
-1.557434376612445,0.20123437661244495
-1.5263997133468703,-0.33370028665312984
-1.5262184069889657,-0.24468159301103423
-1.5262979317128127,-0.1852020682871874
-1.5263147337807457,-0.1553852662192542
-1.526417092644415,-0.09588290735558522
-1.5263466453705752,0.0526466453705752
-1.5263453130570503,0.11214531305705039
-1.5263539899283174,0.1418539899283173
-1.5263565846641178,0.17165658466411787
-1.526334481717135,0.20133448171713503
-1.5263360935652857,0.26073609356528554
-1.5263391378885385,0.29053913788853847
-1.5264014526625633,0.3203014526625634
-1.5263614591654913,0.37966145916549116
-1.5263724088816644,0.40947240888166425
-1.5263869696974819,0.4688869696974817
-1.5263519707538662,0.49855197075386604
-1.5263633655324202,0.5283333655324202
-1.495133348913222,-0.422966651086778
-1.4952433956186906,-0.39315660438130956
-1.4951830228014307,-0.36351697719856935
-1.495227822643495,-0.33367217735650506
-1.49518899189242,-0.3040110081075801
-1.4952040629713035,-0.2742959370286966
-1.4952492777869137,-0.0661507222130861
-1.495158263883074,-0.03654173611692607
-1.4951961925563446,-0.006803807443655443
-1.4951897296764496,0.05268972967644962
-1.4951467354585355,0.23104673545853538
-1.495193843650516,0.290493843650516
-1.4952119565300404,0.3202119565300403
-1.4952172664701062,0.35001726647010617
-1.4951848410725899,0.4093848410725899
-1.4951996627744641,0.4390996627744642
-1.4953553888058309,0.46905538880583086
-1.4951544059256114,0.49854440592561144
-1.4951183395724794,0.5282383395724795
-1.4952690503102632,0.5581190503102632
-1.4952775381686259,0.6175775381686258
-1.4640455501488168,-0.6310544498511833
-1.4640174814406528,-0.5715825185593473
-1.4641388586567783,-0.5417611413432216
-1.4641359602050534,-0.5120640397949464
-1.4640643998873957,-0.4823356001126043
-1.4640523223588837,-0.45264767764111624
-1.4639661074537793,-0.4230338925462208
-1.4640974384337369,-0.33370256156626327
-1.4640182524560483,-0.24458174754395154
-1.4640870729456705,-0.21481292705432944
-1.4640031787140553,-0.15539682128594462
-1.4641170955922005,-0.12558290440779935
-1.4640046404376852,-0.006795359562314845
-1.4641308245183353,0.023030824518335213
-1.4640736813987603,0.1418736813987603
-1.4640677712069123,0.20136777120691238
-1.4640375306187012,0.29053753061870113
-1.464018400415093,0.32021840041509303
-1.4640461884353793,0.34994618843537917
-1.4640296127592392,0.40942961275923917
-1.4640258383062286,0.43912583830622864
-1.4639073017475601,0.46872730174756017
-1.463904507385093,0.4984445073850928
-1.4640460931565829,0.5283160931565829
-1.4640375841464839,0.5877575841464838
-1.4640624247706984,0.6175124247706982
-1.4640344370039815,0.6472144370039815
-1.4640064007803497,0.6769064007803497
-1.4640428776338572,0.7066728776338572
-1.4328832346262619,-0.9283167653737382
-1.4328298084512112,-0.8688701915487888
-1.4328202926962694,-0.8391797073037303
-1.4329089738616552,-0.7795910261383449
-1.4328436015504582,-0.7499563984495417
-1.4328981371939675,-0.7202018628060324
-1.4328506947068846,-0.6905493052931156
-1.43284674694816,-0.6607532530518399
-1.4328765947927162,-0.6013234052072837
-1.4329098466905306,-0.5120901533094696
-1.4329189324625968,-0.452681067537403
-1.4329174437040937,-0.4228825562959062
-1.432930388553055,-0.393169611446945
-1.4329098291513935,-0.36349017084860646
-1.4328577394252324,-0.27434226057476757
-1.4328743915806086,-0.2148256084193914
-1.4329520313649873,-0.09584796863501263
-1.432921443028925,-0.06617855697107505
-1.4328097829172015,0.11200978291720151
-1.4329130192060489,0.141913019206049
-1.4329246126257342,0.23112461262573428
-1.4328606520923874,0.26076065209238763
-1.4328328496587077,0.29043284965870764
-1.4329280577983692,0.3500280577983693
-1.4329000665372948,0.3797000665372949
-1.4329309548649831,0.43917095486498314
-1.432923268644259,0.46889326864425906
-1.4328488050003956,0.5282688050003954
-1.4328501732014198,0.5580001732014198
-1.4329313668375083,0.6175313668375082
-1.4328229438972002,0.6471529438972002
-1.4329420584243473,0.6769920584243474
-1.4328390008211265,0.7066190008211265
-1.4329052333918701,0.73641523339187
-1.4328915584211115,0.7958515584211114
-1.4017317537191545,-1.1660682462808456
-1.4016499215871119,-1.1364500784128881
-1.4017722649155366,-1.1066277350844633
-1.4017461884701954,-1.0769538115298045
-1.4018343586045465,-1.0470656413954536
-1.4017081413148216,-1.0174918586851784
-1.4017987912335923,-0.9580012087664077
-1.4017187668503492,-0.9282812331496508
-1.401693555796434,-0.898606444203566
-1.401808012454552,-0.8390919875454478
-1.4017658743123977,-0.7796341256876022
-1.4017218933168893,-0.7499781066831106
-1.4017141008688936,-0.6904858991311065
-1.4018109744663225,-0.6606890255336775
-1.4017748444077127,-0.5418251555922873
-1.401717733702922,-0.5121822662970779
-1.4017035254806391,-0.4229964745193609
-1.4017067687554292,-0.33379323124457083
-1.4017560829371616,-0.2742439170628383
-1.4017796178873903,-0.18512038211260964
-1.4018000871792708,-0.15529991282072905
-1.40171834536266,-0.0959816546373399
-1.4017097394245177,0.11210973942451755
-1.4016991986464442,0.20129919864644422
-1.4018048569686232,0.26080485696862327
-1.4017151395256275,0.34991513952562753
-1.4017355527781472,0.43912555277814713
-1.4017380001723119,0.5283080001723119
-1.401701615215848,0.5877216152158479
-1.4017801750144554,0.6472601750144555
-1.4017780033027116,0.6769780033027117
-1.4017337881998952,0.7066637881998952
-1.4017098293088923,0.7363698293088923
-1.4017857143375365,0.7661657143375366
-1.401826179762828,0.7959361797628279
-1.3706796381078135,-1.4930203618921867
-1.3705860723639198,-1.3742139276360803
-1.3705873080610935,-1.3445126919389065
-1.370534405592264,-1.3147655944077359
-1.3705886026238419,-1.2850113973761583
-1.3705824311702675,-1.2553175688297327
-1.3706138789811475,-1.2254861210188523
-1.3705890344981002,-1.1958109655018996
-1.370562093984415,-1.1364379060155851
-1.370613173349088,-1.0768868266509117
-1.3705390756119291,-1.017560924388071
-1.3705919254105134,-0.9877080745894864
-1.3705827575942067,-0.9283172424057936
-1.3706171344039006,-0.8687828655960991
-1.3705896671406435,-0.8391103328593569
-1.3706234144441036,-0.8093765855558964
-1.3705672862294938,-0.7499327137705061
-1.3705678982132348,-0.7202321017867653
-1.3704721360029928,-0.6906278639970074
-1.3706331298899455,-0.6309668701100544
-1.3706094835142297,-0.6012905164857703
-1.3705856579604412,-0.5716143420395587
-1.370589259907494,-0.512110740092506
-1.3706348046816696,-0.42286519531833044
-1.3706047046036698,-0.3634952953963303
-1.3706257978854774,-0.30397420211452264
-1.3705202059738884,-0.2446797940261116
-1.3705720217054225,-0.21482797829457745
-1.3706532936629616,-0.006746706337038413
-1.370538686828158,0.08233868682815801
-1.3705956690405114,0.11209566904051141
-1.3706116377859294,0.20131163778592942
-1.3705349683836225,0.2607349683836226
-1.3705912889787162,0.3201912889787163
-1.3706033089232361,0.49859330892323617
-1.3705855224957795,0.6174855224957795
-1.3705357134500007,0.6471657134500008
-1.3706494113701524,0.6769994113701523
-1.3705898525538847,0.7066698525538846
-1.3706039219461377,0.7661339219461378
-1.370575533111631,0.795835533111631
-1.3705918279572638,0.8255818279572636
-1.3705922037190987,0.8553022037190987
-1.3706089224072273,0.8850489224072272
-1.3394036133088132,-1.4930963866911868
-1.3394937256290949,-1.463306274370905
-1.3394078447643394,-1.4336921552356605
-1.3394655957391883,-1.4039344042608115
-1.339549666716504,-1.374050333283496
-1.3394212644208452,-1.3444787355791548
-1.3394420131191882,-1.3147579868808117
-1.3394178630044917,-1.2849821369955083
-1.339420091457767,-1.255279908542233
-1.339379824197905,-1.225620175802095
-1.3394144947892934,-1.1958855052107065
-1.339394883088484,-1.166105116911516
-1.3393700677513378,-1.1364299322486622
-1.339453274674701,-1.106646725325299
-1.339407382602369,-1.0471926173976311
-1.3393975349786256,-0.9878024650213744
-1.3395140415603244,-0.9281859584396756
-1.3394425410308606,-0.8688574589691394
-1.3394379306939022,-0.7499620693060979
-1.33953623444605,-0.57146376555395
-1.3394910324131184,-0.4229089675868815
-1.339477910241413,-0.36342208975858703
-1.3393982431974132,-0.15540175680258678
-1.339454984623841,-0.036445015376158865
-1.33949666284258,0.08249666284258003
-1.3394079700409025,0.4688279700409025
-1.3394672997749062,0.6769672997749061
-1.3394253999903147,0.7363853999903147
-1.3395185204955085,0.7959285204955083
-1.3394360648953296,0.8255760648953298
-1.3395451348578873,0.8554051348578874
-1.3394482403442933,0.8850382403442933
-1.3394280740187037,0.9147480740187037
-1.339468677767913,0.944508677767913
-1.308256461662609,-1.4931435383373912
-1.3082540447392947,-1.4634459552607053
-1.308266227301007,-1.4336337726989927
-1.3082925290775445,-1.4039074709224557
-1.3083093513152078,-1.3741906486847923
-1.3082893798025972,-1.3445106201974029
-1.30826850264083,-1.3147314973591702
-1.308236569068825,-1.2553634309311752
-1.308324807333982,-1.225475192666018
-1.308244652521654,-1.1661553474783461
-1.3082527510921103,-1.04724724890789
-1.308288353946672,-0.9877116460533276
-1.308257247988638,-0.8688427520113617
-1.3082326115033063,-0.6013673884966937
-1.308307872562981,-0.5120921274370189
-1.3082961612204966,-0.3932038387795033
-1.3083658262768378,-0.24453417372316222
-1.3082570659145003,-0.18514293408549976
-1.3083081360605293,-0.006791863939470524
-1.308259732513865,0.052659732513864854
-1.3081807227468167,0.2011807227468168
-1.3082289235541156,0.6768789235541157
-1.3083307949065617,0.7661607949065616
-1.3083408049168734,0.8553508049168735
-1.308229113240626,0.8849691132406261
-1.3082711038180204,0.9147411038180203
-1.3082962991278548,0.9444862991278548
-1.2771721495135817,-1.4930278504864183
-1.2771851260015632,-1.4336148739984367
-1.27711209076113,-1.4039879092388698
-1.2771356478630393,-1.3741643521369606
-1.2771387133441314,-1.3444612866558685
-1.2771731797605743,-1.3147268202394256
-1.2771595819522588,-1.2552404180477412
-1.2770903299417455,-1.1959096700582543
-1.2771189002254109,-1.1660810997745892
-1.2771244945341946,-1.1066755054658053
-1.2771217789345326,-1.0174782210654674
-1.277087172387445,-0.9283128276125548
-1.2771174362787052,-0.8985825637212949
-1.2771549443842902,-0.8391450556157097
-1.2771070535898517,-0.7499929464101481
-1.2771896903481659,-0.7201103096518342
-1.2771095429426267,-0.6012904570573733
-1.2771411487129463,-0.3932588512870539
-1.2771990126088317,-0.3040009873911682
-1.2770457354865279,-0.15545426451347227
-1.2770760038288462,-0.0960239961711537
-1.2770950951659554,0.6471750951659554
-1.2771426090340325,0.7661226090340326
-1.2771576285638992,0.8255976285638992
-1.277067850783133,0.884957850783133
-1.2771384592215995,0.9147584592215995
-1.277163380277772,0.9445033802777719
-1.2772020402562605,0.9742720402562606
-1.2771725101816709,1.0039725101816708
-1.2460219694652,-1.4930780305348001
-1.2460025637659422,-1.4633974362340578
-1.2460715358884875,-1.4335284641115127
-1.245960097335507,-1.4039399026644932
-1.246059171641401,-1.3741408283585992
-1.2459389581225213,-1.3445610418774787
-1.245995430426314,-1.314704569573686
-1.2460438049878642,-1.255256195012136
-1.246061818391501,-1.2254381816084987
-1.2460100921889419,-1.106589907811058
-1.2459854011040512,-1.076914598895949
-1.2460092584373383,-1.0471907415626618
-1.2460023835772311,-1.017497616422769
-1.245963588847633,-0.9877364111523669
-1.2460405999338362,-0.9282594000661639
-1.2460267047415172,-0.8687732952584826
-1.2459501029043958,-0.779649897095604
-1.245960403771936,-0.304039596228064
-1.2459574258554964,-0.1851425741445037
-1.245992173808405,-0.15540782619159496
-1.2460374644629928,0.7364474644629928
-1.2459395999361393,0.8552495999361394
-1.2460074781794286,0.9147774781794287
-1.245992741906901,0.9444827419069011
-1.2459431361888247,0.9741631361888248
-1.2459814742936333,1.0039314742936332
-1.2460880454544412,1.0337580454544413
-1.2460070811726032,1.063407081172603
-1.2148813983665194,-1.5228186016334804
-1.214834177683935,-1.4039658223160647
-1.214917034866334,-1.374082965133666
-1.2148989009638078,-1.2849010990361922
-1.2148345073864844,-1.1958654926135155
-1.2147347743418173,-1.1364652256581826
-1.2149389198025717,-1.1065610801974282
-1.214839897537594,-0.9877601024624058
-1.2148067793913995,-0.9282932206086005
-1.214903031384881,-0.7498969686151191
-1.2148139560675313,-0.6904860439324686
-1.2148953573509413,-0.30400464264905863
-1.214797327248557,-0.21490267275144287
-1.2149038215917911,0.914823821591791
-1.214841700568275,0.974211700568275
-1.2148547740717761,1.003954774071776
-1.2148780680307798,1.03369806803078
-1.2148180701275566,1.0633680701275565
-1.1836941866096475,-1.4336058133903526
-1.1836708077134406,-1.3742291922865595
-1.1837390645041703,-1.3444609354958297
-1.1836437847492425,-1.2850562152507576
-1.1836438339780702,-1.19585616602193
-1.183752594400573,-1.0174474055994271
-1.183689448453059,-0.7796105515469411
-1.1837254161054807,-0.5417745838945195
-1.1836688804908078,-0.3932311195091923
-1.1837006145574187,0.8850406145574188
-1.1836951373605646,0.9742151373605646
-1.1836406215195159,1.003880621519516
-1.1837033145440985,1.0634033145440984
-1.1836899205045672,1.0931149205045672
-1.1837664704351096,1.1229174704351097
-1.1837503842608266,1.1526283842608265
-1.1524946767320685,-1.4040053232679317
-1.1525793099839747,-1.314720690016025
-1.1525884824108454,-1.2255115175891544
-1.1525203447312964,-1.1958796552687034
-1.1525262749450003,-1.1363737250549997
-1.1526147214044433,-1.1065852785955566
-1.152564883782625,-1.0769351162173748
-1.1525076472467393,-1.0174923527532607
-1.152535991065092,-0.8688640089349078
-1.1525147132975682,-0.8391852867024318
-1.1525557474766903,-0.30404425252330947
-1.1525949936278124,0.7067249936278124
-1.152511693173115,0.8552716931731149
-1.1525994839004465,1.0039894839004466
-1.1526184463932414,1.0337384463932413
-1.1525085104368291,1.0633565104368292
-1.1525441413371968,1.0931181413371969
-1.1525588314515298,1.12285983145153
-1.1526200451735837,1.1526475251735837
-1.1213293730334035,-1.4336706269665966
-1.121447571606346,-1.3146524283936543
-1.1213865999915325,-1.2255134000084678
-1.1213008653127994,-1.1661991346872007
-1.1214292490876712,-0.3931707509123287
-1.121321457721118,1.033592457721118
-1.1214136091537905,1.0634116091537906
-1.121390303210901,1.093114303210901
-1.121442672227345,1.122893472227345
-1.1213866692440797,1.1525636692440797
-1.0902658162337056,-1.0471341837662944
-1.0902147833034121,1.003909783303412
-1.090268033368097,1.093142133368097
-1.0902585017146367,1.1228595017146368
-1.0591621667278428,-1.0768378332721573
-1.0590665106987351,-0.9283334893012649
-1.059101083306571,-0.8390989166934291
-1.0590895884488731,1.0633870884488732
-1.0591265241423908,1.093150524142391
-1.0591718616156505,1.1229228616156504
-1.0592177627155226,1.1526947627155226
-1.059105956494322,1.182305956494322
-1.0591343009867364,1.2120643009867365
-1.0279902328543542,-1.2552097671456457
-1.0279365555518065,-1.2255634444481933
-1.0279357440637868,-1.1958642559362134
-1.0279015129380662,-1.1660984870619338
-1.0278691459865743,-1.077030854013426
-1.0279238539881197,-1.0471761460118802
-1.027941868349491,1.033662668349491
-1.0278984603100654,1.0930724603100654
-1.0278774183951864,1.1525074183951864
-1.0279440294519298,1.1822940294519297
-1.0279601680236718,1.2120401680236719
-0.9967866893839821,-1.285013310616018
-0.9967907638234355,-1.2553092361765645
-0.99685890306752,-0.9876410969324799
-0.996864118965647,-0.9579358810343531
-0.9967854564616093,1.0931094564616093
-0.9968064612923069,1.1228564612923069
-0.9967913304536498,1.1525713304536498
-0.9967578683437242,1.1822578683437241
-0.9967912274768171,1.2120212274768172
-0.9656554585538346,-1.3444445414461652
-0.9656784894767096,-0.9877215105232904
-0.9656210438494175,-0.9580789561505825
-0.9656685519371953,0.7661485519371952
-0.9655492330440398,1.0930192330440398
-0.9656157731240249,1.122815773124025
-0.9655971236730518,1.1525271236730519
-0.9656178720627597,1.1822678720627597
-0.9656425118670913,1.2417525118670913
-0.9656696814199202,1.2714996814199202
-0.9344296750587358,-1.3445703249412642
-0.9344938367065516,-1.1661061632934484
-0.934509778080167,-1.136390221919833
-0.9344739468091694,-1.1066260531908307
-0.9344634369558027,-0.9580365630441974
-0.9345222787304438,-0.9282777212695562
-0.934503176935298,1.093123176935298
-0.9345113919325165,1.1525913919325166
-0.934455003672805,1.182255003672805
-0.9344853576943513,1.2120153576943513
-0.9344596579510082,1.2417196579510081
-0.9345024227806931,1.2714824227806931
-0.9344901140144922,1.3012001140144922
-0.9034526748520606,-1.3740473251479393
-0.9033951703789267,-1.225504829621073
-0.9034681411122842,-1.195731858887716
-0.9033397683415332,-1.0471602316584667
-0.9034214657191715,-0.9281785342808284
-0.9033487519315699,0.6472287519315699
-0.903407985694914,0.6770079856949139
-0.9034186919340855,0.7067486919340855
-0.9032940904158973,0.7363440904158972
-0.9033189465432817,0.7660989465432817
-0.9033349028112218,0.7958449028112218
-0.903342263957549,1.182292263957549
-0.9033320028406904,1.2714620028406904
-0.8722247915810823,-1.3741752084189176
-0.8721570602283963,-1.2553429397716036
-0.8721798730123556,-1.2255201269876446
-0.872205203862388,-0.898594796137612
-0.8722200791991788,0.5877900791991788
-0.8722289190494716,0.6175289190494717
-0.8721527881999317,0.6471827881999317
-0.8722765964346956,0.6770265964346955
-0.8722183427690678,0.7066983427690678
-0.8722173911684481,0.7364173911684481
-0.8721946136141141,0.7661246136141141
-0.8721877569520314,0.7958457569520314
-0.8722123872757104,0.8255963872757104
-0.8721902274871769,0.8553012274871769
-0.8722398480688491,1.1526198480688492
-0.8722312335461833,1.1823312335461833
-0.8722344892641354,1.2120644892641355
-0.8721756842531626,1.2417356842531626
-0.8721924633334097,1.2714724633334098
-0.8721520175693508,1.3011620175693508
-0.8410127460074575,-1.3741872539925424
-0.8409853414897499,-1.25531465851025
-0.8410744013624596,-1.0174255986375405
-0.8411055365587371,-0.8984944634412629
-0.8410029263195633,0.5877229263195632
-0.8410075629666265,0.6471775629666265
-0.841039001301823,0.706669001301823
-0.8410341326896562,0.7958421326896562
-0.8411162873173998,0.8256502873173999
-0.8410596289569853,0.8553206289569852
-0.8410496583340384,1.1525796583340384
-0.8410393027847326,1.3011993027847326
-0.8099272902848469,-1.374172709715153
-0.8099007838071131,-1.0174992161928869
-0.8099217839684658,-0.8985782160315341
-0.8098508069686827,0.5580008069686827
-0.8099075224972594,0.5877775224972593
-0.8098526127035921,0.6471726127035922
-0.8100528528341011,0.766283852834101
-0.8098202145654517,0.8552312145654517
-0.8099859776972405,0.8851229776972405
-0.8098594172297767,1.1525394172297767
-0.809885664604867,1.212015664604867
-0.8098456711946781,1.271425671194678
-0.8098802235654944,1.3011902235654944
-0.8098287705743203,1.3308687705743203
-0.8098244622778797,1.3605844622778798
-0.7787521851948225,-1.2552478148051773
-0.7787523103342999,-1.0174476896657
-0.778745170055964,-0.898554829944036
-0.7788061313163043,0.5581061313163043
-0.7787568554280254,0.7066848554280254
-0.7787693707524921,0.7958763707524921
-0.7787846615720305,0.8553456615720305
-0.7787515224187412,0.8850415224187412
-0.7787511067676143,1.2417611067676142
-0.7788231470055816,1.2715531470055816
-0.7787525393051918,1.3012125393051919
-0.7786497235036403,1.3308397235036402
-0.7475993929121993,-1.3742006070878006
-0.7476215809119169,-1.255278419088083
-0.7476442034538027,-1.0471557965461973
-0.7476167299559646,-1.0174832700440353
-0.7475707652151145,-0.8986292347848857
-0.7475904388333352,0.5283104388333352
-0.7476046022415803,0.5580446022415804
-0.7476347078493644,0.6472547078493643
-0.7476318197953862,0.6769828197953862
-0.7475764688503781,0.7066544688503781
-0.7475577397658458,0.7363617397658458
-0.7476220718877209,0.7661530718877209
-0.7476357867685592,0.8850757867685592
-0.7476317040694844,0.9147917040694844
-0.7475807572983653,1.0931007572983653
-0.7475833626290539,1.1822833626290539
-0.747565496359938,1.211995496359938
-0.7475948645030931,1.271474864503093
-0.7475548159752671,1.3011648159752671
-0.7475952708894034,1.3309352708894033
-0.7476511770347848,1.3607111770347848
-0.7165092436160503,-1.3740907563839495
-0.7165357734251516,-1.2254642265748483
-0.7165013659857715,-1.0470986340142285
-0.7164198240001433,0.5282898240001432
-0.716392082041186,0.557982082041186
-0.7164392532038224,0.6472132532038224
-0.7164425452039281,0.6769435452039282
-0.7164275659003067,0.7066551659003066
-0.7164440085787452,0.7363980085787453
-0.71643080357775,0.76611180357775
-0.7163906647836893,0.7957976647836893
-0.7165100073761437,0.8553700073761437
-0.7163089415086146,0.8848989415086146
-0.7164037130221007,0.9147137130221007
-0.7164257913300979,1.241735791330098
-0.7164380738637739,1.3011980738637738
-0.7164316584656885,1.3606416584656884
-0.6852756360237462,-1.3742243639762537
-0.6852949176722416,-1.2255050823277585
-0.6853077931495386,-1.1957922068504614
-0.6852138711035762,-1.1661861288964237
-0.6853398120348224,-1.1363601879651777
-0.685324390959992,-1.106575609040008
-0.6853400798815295,-1.0768599201184705
-0.6853071784610453,-0.9282928215389546
-0.6852884319244902,-0.8986115680755099
-0.6853381601830344,0.5283581601830344
-0.6852182995739059,0.6174162995739059
-0.6853170257152363,0.6472410257152363
-0.6853445883687569,0.6769954883687569
-0.6853539779063771,0.7067309779063771
-0.68529965822448,0.7364036582244801
-0.6853204001710228,0.7661514001710228
-0.6853006025663967,0.7958606025663967
-0.6853011748216488,0.8255811748216487
-0.6852734798948005,0.9147334798948005
-0.6853373472440619,1.212067347244062
-0.6853108791705339,1.271490879170534
-0.6852836965496114,1.3011936965496114
-0.6853464262809673,1.3309764262809674
-0.6853223566573483,1.3606823566573483
-0.6541623398300671,-1.3444376601699328
-0.6541454449529205,-1.3147545550470796
-0.6541522751837339,-0.9282477248162662
-0.6541852651257865,0.5283552651257865
-0.6541505719688413,0.5580455719688413
-0.6541833798402252,0.6175313798402252
-0.6540871895154399,0.6471613895154399
-0.6541465059316381,0.6769475059316381
-0.6540900073353674,0.7066170073353674
-0.6541334680698769,0.7363874680698769
-0.6541883131003683,0.7661683131003683
-0.6541815197992079,0.7958915197992079
-0.6541489540886234,0.9147589540886234
-0.6541586183556675,1.2120386183556675
-0.6541746148657891,1.2715046148657891
-0.654130497378175,1.390370497378175
-0.6230406743702597,-1.3146593256297403
-0.6230278378961172,-1.2849721621038828
-0.6230038574650025,-0.9876961425349975
-0.6229783909065547,-0.9580216090934452
-0.6229213561289462,0.5579653561289462
-0.622978117196291,0.5877491171962911
-0.6229877430197084,0.6174853430197084
-0.6230024676270738,0.6472264676270738
-0.6229899326405358,0.6769409326405358
-0.6230045802800577,0.7066815802800577
-0.6229907112612445,0.7363907112612446
-0.6230051781432898,0.7661351781432898
-0.6230164587661555,0.7958764587661555
-0.6230187713635202,0.8553287713635203
-0.623013569732461,0.885053569732461
-0.6230095480303359,0.9742295480303359
-0.6229843269035673,1.2714643269035673
-0.6229702128657966,1.3309002128657965
-0.6230095066835928,1.3606695066835928
-0.6229539610493131,1.3903439610493131
-0.5918396303383271,-1.285060369661673
-0.5918664709178609,-1.017433529082139
-0.5918307903498109,0.5580247903498109
-0.59190341847197,0.6472774184719701
-0.5919170321358368,0.6770180321358368
-0.5918613039083739,0.7066913039083739
-0.5917775808224539,0.736327580822454
-0.5918432696403455,0.7661232696403455
-0.5918344374170957,0.7958444374170958
-0.5917651280384362,0.9146751280384361
-0.5918841201789162,0.9445241201789162
-0.591876086315113,1.182326086315113
-0.5917908457584892,1.2416908457584892
-0.5918534466618273,1.3903934466618273
-0.5607148529556341,-1.195785147044366
-0.5607062158324432,-1.1660937841675567
-0.5606537816872446,-1.1364462183127555
-0.5607438825180195,-1.1065561174819805
-0.5607394147080544,0.5580836147080545
-0.5607228257820419,0.5877938257820419
-0.5606994010898291,0.6472234010898291
-0.5607439522977227,0.6769939522977226
-0.5605991612070861,0.7065791612070861
-0.5606518887245657,0.7363518887245657
-0.5606331864620969,0.7660631864620969
-0.5606718798445736,0.7958318798445736
-0.5607710758341597,0.8553810758341597
-0.5606906363115909,0.885030636311591
-0.5606741513672655,0.9444641513672655
-0.5606945534061087,1.2714745534061087
-0.5606475666679245,1.3308775666679244
-0.560700983849513,1.360660983849513
-0.5294965078083298,0.1418165078083298
-0.5295653177976477,0.5877863177976477
-0.5295497833098817,0.6769497833098816
-0.5295784548460037,0.7661584548460038
-0.529500793015236,0.8552607930152359
-0.5295970625593748,0.8850870625593747
-0.5295368094693844,0.9147468094693845
-0.529547348852855,1.360657348852855
-0.5295849591155173,1.3904249591155173
-0.49838283714389414,0.11213283714389416
-0.4984051655546723,0.5877761655546723
-0.4983253863052416,0.6174253863052416
-0.498421427037652,0.676971427037652
-0.49840716505893445,0.8255871650589345
-0.4984149052355897,0.8553249052355897
-0.4984030792759221,0.8850430792759221
-0.4983583010726782,1.2714383010726782
-0.4983318179626295,1.3011418179626295
-0.4983914016733966,1.3606514016733966
-0.46723067968140286,0.1121306796814028
-0.4672783387198227,0.14189833871982271
-0.46729124394584104,0.439179243945841
-0.46723266807736585,0.6472026680773658
-0.4672770515197675,0.7067070515197675
-0.4672903170457268,0.7661703170457268
-0.46727469661510007,0.7958846966151001
-0.46734176662726273,0.8256717666272627
-0.4672955183336586,0.8553555183336586
-0.46737170665561356,1.3607817066556136
-0.4361189732604476,0.0824389732604476
-0.4360949746569003,0.11214497465690026
-0.436125538980447,0.141895538980447
-0.4360010918865698,0.34985909188656983
-0.43617358601867207,0.647293586018672
-0.43607191753217467,0.6769219175321747
-0.43609836336535407,0.7066783633653541
-0.4361283108830635,0.7364283108830635
-0.43608350053872974,0.7661135005387297
-0.4360794719712588,0.7958394719712588
-0.43608955360386714,1.3309195536038672
-0.43612067665814713,1.4201306766581472
-0.4049017015645703,0.052641701564570244
-0.40498223544956913,0.08245223544956917
-0.40496252650328424,0.11216252650328426
-0.40496619211122975,0.14188619211122974
-0.40497333501091715,0.7364233350109172
-0.40495540053424633,0.7661354005342463
-0.4049944707565979,0.7959044707565979
-0.40494832655672575,1.0336683265567257
-0.40494718830266707,1.301207188302667
-0.4049318326954837,1.3903718326954837
-0.37379622162520487,-1.3742037783747951
-0.3737926040670947,-1.3445073959329052
-0.3738008177974008,-1.2849991822025992
-0.37384578333863927,-1.2552542166613607
-0.37373179430354475,-1.2255682056964552
-0.37374345982026314,-1.166156540179737
-0.3738248674061333,-1.1065751325938666
-0.3737780563026287,-1.0769219436973714
-0.3737772831981083,-1.0472227168018917
-0.3737889487537096,-0.9283110512462904
-0.37382148265465653,-0.8985785173453434
-0.3737824296355212,0.05267242963552122
-0.3738049112083327,0.08242491120833273
-0.3738444031940388,0.11219440319403876
-0.3737845029531996,0.1418545029531996
-0.3737633058239296,1.4200633058239296
-0.37376865093572076,1.4497686509357208
-0.34269612611692946,-1.3741038738830706
-0.342648705004972,-1.314751294995028
-0.34272338709463757,-1.2849766129053624
-0.34265218933128305,-1.255247810668717
-0.34261917784692786,-1.2255808221530722
-0.342761158385799,-1.165938841614201
-0.34262145073715344,-1.1363785492628466
-0.34266869495089947,-1.1066313050491006
-0.3426781393886129,-1.047121860611387
-0.34268063508145774,-0.9877193649185423
-0.34262007889934,-0.95807992110066
-0.34258025134764214,-0.9283197486523578
-0.34263918147240513,-0.898560818527595
-0.3426479625373841,0.052687962537384114
-0.34267012841266087,0.08244012841266085
-0.34266112709987206,0.11216112709987205
-0.3426699111470606,0.1418899111470606
-0.34261964277262535,0.40938064277262537
-0.34263887609395205,1.3903388760939521
-0.3426774545378741,1.420177454537874
-0.31145499475667204,-1.374245005243328
-0.31150052465914435,-0.8985994753408556
-0.31148429542396433,0.022954295423964346
-0.3114679467484457,0.05265794674844573
-0.3115191313305078,0.08243913133050781
-0.31144139797346065,0.11209139797346065
-0.3114992484236454,0.17159924842364538
-0.3114684313115712,0.37965243131157117
-0.31149830211670837,1.0336683021167083
-0.31153532416322616,1.2417853241632262
-0.3114825102506601,1.30119251025066
-0.31148668287434655,1.3903866828743465
-0.28034758871919085,-1.3741524112808092
-0.28037564346158905,-0.898524356538411
-0.2803582625094779,-0.006751737490522092
-0.28027093379839213,0.022890933798392157
-0.28037951692494417,0.052719516924944185
-0.28033812289338556,0.08240812289338559
-0.28040399154784007,0.11219399154784007
-0.28032599382896595,0.14184599382896593
-0.28041120858257934,0.29056520858257934
-0.28035068145023834,1.3903506814502384
-0.2803447538812853,1.4201447538812852
-0.24915027966400016,-1.3742497203359998
-0.24911327832301944,-1.2850867216769806
-0.24919340921440702,-1.195806590785593
-0.24920335561334928,-1.1363966443866507
-0.24911093002719897,-1.047289069972801
-0.24917531052466146,-0.8986246894753385
-0.24926619713618986,-0.00669380286381016
-0.24919156897161854,0.02296156897161854
-0.24921911979317263,0.05270911979317263
-0.24923410263957674,0.08245410263957673
-0.24922694561675238,0.11216694561675239
-0.24922634646496644,0.14189634646496643
-0.2492451788988605,0.2013691788988605
-0.24919844597021557,0.3202294459702156
-0.24914547446767799,0.498535474467678
-0.24906893998005009,1.39026893998005
-0.2180981710142258,-1.3741018289857743
-0.2180509997040927,-1.3444490002959073
-0.2180568506073426,-1.3147431493926574
-0.21804109690000484,-1.2850589030999953
-0.2180821453803039,-1.2552178546196961
-0.21797142723951013,-1.2256285727604899
-0.21803412579936832,-1.1958658742006316
-0.21801886451085517,-1.1363811354891449
-0.21797419230286197,-1.077025807697138
-0.2180290094004902,-1.0174709905995099
-0.2180488995523456,-0.03649110044765438
-0.21800732612035448,-0.006802673879645534
-0.21802172131666628,0.022941721316666278
-0.2180180615358625,0.0526580615358625
-0.21802329725810377,0.08239329725810376
-0.21810351600195182,0.11219351600195182
-0.21798014011955485,0.14180114011955486
-0.2180628130495088,1.0039528130495088
-0.21805090433089225,1.2714509043308921
-0.21797005998698382,1.4200700599869838
-0.18687597058893557,-1.2553240294110644
-0.18686793446957406,-1.1364320655304259
-0.18693950800589154,-1.1065604919941086
-0.18695675530175815,-1.0768432446982419
-0.1868081631116667,-1.0472918368883333
-0.1869378510705415,-1.0174621489294584
-0.1869426989868237,-0.8985573010131762
-0.18687335666500865,-0.03651664333499136
-0.18678250866031196,-0.006877491339688043
-0.18688023657631747,0.022940236576317465
-0.186842867134847,0.05263286713484701
-0.1869336708797451,0.08245367087974512
-0.18686779543099602,0.11211279543099603
-0.18694926445113164,0.14192026445113165
-0.18693830153952648,0.3499983015395265
-0.1869064102023823,1.3904064102023823
-0.18691814405395957,1.4498181440539595
-0.1557730791888936,-1.3444269208111064
-0.15581446048349812,-1.0768855395165018
-0.1557667310331623,-1.0471332689668378
-0.15573903207133688,-0.9282609679286632
-0.15583034957973763,-0.8984696504202624
-0.15571763507871395,-0.12570236492128606
-0.1558325646296026,-0.0661274353703974
-0.15574075960915149,-0.03649924039084851
-0.15570761475032144,-0.006802385249678541
-0.15572284943613604,0.02293284943613604
-0.15579713688995944,0.05273713688995945
-0.15576138597729483,0.08242938597729485
-0.15581763384216366,0.11221163384216365
-0.15572954345833087,0.14185054345833087
-0.15572989074806678,0.2013038907480668
-0.15569091064232218,0.2904409106423222
-0.15574773140765236,0.5283177314076524
-0.15584362314450406,0.9445836231445041
-0.15574725145596702,1.360647251455967
-0.15574490059316703,1.449844900593167
-0.12456403418333939,-1.3742359658166605
-0.12456225026793644,-1.3445377497320636
-0.1245569460495266,-0.9283430539504733
-0.1246733431882055,-0.1255966568117945
-0.1246092424158814,-0.09593075758411862
-0.12463523361931951,-0.0661747663806805
-0.12455855603816145,-0.036531443961838564
-0.12460288244336455,-0.006757117556635452
-0.12453115291395912,0.022891152913959125
-0.12459936947790898,0.05269036947790898
-0.12466494233247905,0.08248294233247905
-0.12467477825293832,0.11221877825293833
-0.12458527211539638,0.1418562721153964
-0.12455043264454603,0.20127443264454603
-0.12463293024736405,0.5283529302473641
-0.12461982630441204,0.914779826304412
-0.12461804074584815,1.449818040745848
-0.09348716854656058,-1.3741128314534394
-0.09349457610866985,-1.19580542389133
-0.09342347654392236,-1.1660765234560777
-0.09346008774069525,-0.9580399122593048
-0.09345737168450766,-0.15538262831549235
-0.09338906505661163,-0.12573093494338838
-0.09340220218852874,-0.09598779781147126
-0.09339894495259748,-0.06627105504740252
-0.09347444659971364,-0.03646555340028636
-0.0933608529470823,-0.006849147052917705
-0.09347030324692117,0.022985303246921163
-0.09345613780327618,0.05269713780327618
-0.09351264456896878,0.08248064456896878
-0.0934607823262718,0.1121547823262718
-0.09346254184907951,0.1418835418490795
-0.09341850870059301,0.171565508700593
-0.09343839751185848,0.20130839751185847
-0.09349166696509789,0.2608216669650979
-0.09344965691271634,0.46885965691271636
-0.09344835601248691,0.5283183560124869
-0.09341415165569456,1.3606141516556947
-0.09351920185532747,1.4202192018553275
-0.06231573362049647,-1.3741842663795036
-0.06235472434278222,-1.2255452756572178
-0.062310571843505524,-1.1957894281564945
-0.06230539580738914,-1.136394604192611
-0.062362775391723524,-1.1065372246082765
-0.062307884220290544,-0.9579921157797094
-0.062230255385286926,-0.15545974461471307
-0.06233181703258961,-0.1256381829674104
-0.06226741810496764,-0.09597258189503236
-0.06225326993656491,-0.06626673006343509
-0.062250510235190654,-0.03653848976480935
-0.06230073361358365,-0.006761266386416345
-0.062336671971153515,0.02300067197115351
-0.062238921319923715,0.052629921319923716
-0.062298401376397056,0.08241640137639705
-0.06226697898658509,0.11211097898658509
-0.06227226623538498,0.14184326623538498
-0.06229089561715019,0.17159089561715019
-0.062270279632240216,0.23102027963224023
-0.062309864309185475,0.29050986430918546
-0.062324310032612795,0.4391643100326128
-0.06230093188688557,0.6175009318868856
-0.06234239672460906,0.7364423967246091
-0.031134742734211462,-1.2552652572657885
-0.0311514727626927,-1.0769485272373074
-0.03118076023963101,-1.047119239760369
-0.031109295168185058,-1.017490704831815
-0.031164862283952544,-0.9877351377160474
-0.031144306506272867,-0.18512569349372712
-0.03123262320594164,-0.15530737679405837
-0.031196998374003304,-0.12562300162599668
-0.031095168308908155,-0.09599483169109185
-0.03115226164298475,-0.06621273835701524
-0.031155266340715165,-0.03648373365928484
-0.031110506995044643,-0.006801493004955358
-0.031173799190745005,0.022988099190745005
-0.031153175424863917,0.05269417542486392
-0.031124041347250588,0.08239104134725059
-0.03112589235771422,0.11211989235771422
-0.031125131980014334,0.14184513198001433
-0.03122939463452651,0.1716793946345265
-0.031199223259074815,0.2013692232590748
-0.031171793927052494,0.2310717939270525
-0.031130010650307016,0.260760010650307
-0.03123773691885695,0.290587736918857
-0.031167521576436374,0.40942752157643636
-0.03113594232176975,0.5580259423217697
-0.031131545270609795,1.3012315452706098
-0.031101100796796954,1.420101100796797
-2.772848116672222e-6,-1.3444972271518834
-5.34973657768667e-5,-1.3146465026342231
1.9533037605518055e-5,-0.21486953303760553
-7.784929468890311e-5,-0.1850421507053111
-9.920559622428327e-6,-0.15539007944037758
-1.765931479102978e-7,-0.1256698234068521
-2.2174595788654328e-5,-0.09591982540421135
2.855558751224674e-5,-0.06624355558751224
2.3329969847447896e-5,-0.03651232996984745
2.3567085150513756e-5,-0.0067858670851505135
9.30690758876862e-7,0.02296306930924112
-4.247397047330709e-5,0.05273347397047331
2.6799145555547743e-5,0.08239020085444446
4.3893581067169785e-5,0.11209610641893283
-3.011998887650358e-5,0.1419001199888765
3.4555940821856534e-6,0.17159654440591782
-4.817528439976515e-6,0.20132481752843998
3.599808731349907e-5,0.2310140019126865
1.0615715336725895e-5,0.2607693842846633
-5.384862219259823e-5,0.2905538486221926
3.3699458763525314e-6,0.46885663005412365
-9.904027034712826e-6,0.5580499040270347
4.868454220874341e-6,0.6769451315457792
-2.5298302023246677e-5,1.3904252983020233
0.031193371124516256,-1.3741933711245162
0.031132214432123773,-1.3444322144321237
0.031191706166298738,-1.3147917061662988
0.031110371874127907,-1.285010371874128
0.031153034201105934,-1.255253034201106
0.03111230835746559,-1.1958123083574657
0.031153575356229313,-1.1660535753562293
0.03115334444190787,-1.1363533444419078
0.031175912230037905,-1.1066759122300378
0.031096658188243254,-1.0768966581882433
0.03121821276015324,-1.0472182127601533
0.03112863538859645,-1.0174386353885965
0.031151756411669007,-0.9877417564116691
0.03117452379724006,-0.9283145237972401
0.031058366189960607,-0.8984683661899606
0.03120274032806017,-0.24462274032806017
0.031162090963436417,-0.21486209096343642
0.031199282990703875,-0.18516928299070387
0.031122925124869943,-0.15537292512486994
0.031095660261272348,-0.12561466026127235
0.031130633008267974,-0.09592263300826798
0.031132988543997556,-0.06619898854399756
0.0311097415731125,-0.0364487415731125
0.031097670782703656,-0.006709670782703656
0.031213823594496523,0.02290017640550348
0.031036006654824727,0.05280499334517527
0.03115225056874593,0.08241774943125407
0.031097256984678273,0.11219274301532173
0.03109092282634557,0.14192907717365444
0.031168078547282402,0.1715819214527176
0.031153001288598575,0.20131699871140143
0.031133365679470032,0.23106663432052996
0.03115752355139495,0.2607724764486051
0.031135290451258235,0.29051470954874176
0.03118200526041398,0.379647994739586
0.03118294788998266,0.4391070521100173
0.03106606128973277,0.6473039387102673
0.031142338748001652,1.3606576612519983
0.06228994548431138,-0.24455994548431137
0.06247666351611564,-0.21502666351611563
0.06226112789946407,-0.18508112789946407
0.06229388113935626,-0.15538888113935626
0.06222897482457261,-0.1255979748245726
0.06230994327172663,-0.09595194327172663
0.06230972179497248,-0.06622542179497248
0.06226915233282797,-0.03645815233282797
0.06221901443941332,-0.006682014439413318
0.06231228786538631,0.02295171213461369
0.06233890863347388,0.0823810913665261
0.06233929476495864,0.11210070523504137
0.06227969772703748,0.1418903022729625
0.06233073266254238,0.17156926733745761
0.062316947513724574,0.20130305248627545
0.06234052746727642,0.23100947253272358
0.06229888839872655,0.26078111160127343
0.06231469083515556,0.29048530916484444
0.062277447075250625,0.32025255292474936
0.06227741600348774,0.3499825839965123
0.06228283038279914,0.37969716961720085
0.0622983295631972,0.4391416704368028
0.062393140192912144,0.4687668598070878
0.06232561720359864,0.5580143827964014
0.06224756454606295,0.61754243545393706
0.06226278929498119,1.3607372107050189
0.09343197027485406,-1.374131970274854
0.09336658284998822,-0.8984765828499882
0.09348174391153635,-0.27433174391153636
0.09347347253503688,-0.24460347253503686
0.09351438156716403,-0.21491438156716403
0.09345666133724265,-0.18512866133724265
0.09348168868080589,-0.1257006886808059
0.09344303224340914,-0.09593543224340914
0.09351065537865252,-0.06627665537865252
0.09350416104560291,-0.03654316104560292
0.093424943494733,-0.006737943494732999
0.0934328957302949,0.022977104269705107
0.09348202725760299,0.052657972742397
0.09347050092186249,0.08239949907813751
0.09353784169465992,0.11205215830534007
0.09338964823474666,0.14193035176525334
0.09351510867204321,0.1715348913279568
0.09345038239750028,0.2013196176024997
0.09348527987853786,0.23101472012146215
0.09344796600965155,0.26078203399034844
0.09345149837620687,0.29049850162379315
0.09350107601282603,0.32017892398717396
0.09343177521991464,0.3499782247800854
0.0934076188415271,0.3797223811584729
0.09343344152886596,0.409426558471134
0.09345711160266684,0.43913288839733317
0.09345992912441936,0.49858007087558065
0.09340934529701894,0.5283606547029811
0.09344510601949618,0.5580448939805038
0.09344521164331143,0.5877747883566886
0.09349416557456247,0.6471758344254376
0.09344410005789716,1.330955899942103
0.09351176609869416,1.3605882339013058
0.12459468446421218,-0.8985546844642122
0.12456762129235388,-0.21481662129235388
0.12462058067652207,-0.18514258067652206
0.12461018063110195,-0.12567918063110195
0.12467114014787366,-0.09601314014787365
0.12456677717753337,-0.06618277717753338
0.12461890059474365,-0.03650790059474365
0.12454780174431389,-0.006707801744313887
0.12463827386372704,0.022921726136272958
0.12458062207874018,0.05270937792125982
0.12464017720349552,0.08237982279650449
0.12469442200139338,0.11204557799860662
0.1246081531345696,0.14186184686543038
0.12459389042066657,0.17160610957933345
0.1245847721369984,0.2013352278630016
0.12459010355942968,0.23105989644057034
0.12463866707272997,0.26074133292727003
0.12454122585078514,0.2905587741492149
0.12464303038921143,0.3201869696107886
0.12461144434828131,0.3499485556517187
0.12462752155859669,0.37965247844140326
0.1245615448848057,0.4094484551151943
0.12456254115975596,0.43917745884024406
0.12467999093784027,0.4687800090621597
0.12465162729108226,0.5282583727089177
0.12463490108692321,0.5580050989130768
0.12459535680027867,0.5877746431997213
0.12460842928393101,0.617481570716069
0.12460161646934376,0.6472183835306562
0.12458805647300553,1.0931119435269945
0.1246125844979693,1.3308874155020307
0.15575762403111537,-1.3741576240311153
0.15579543762843406,-1.2255954376284341
0.15578176874894156,-1.1958817687489416
0.15569394018890415,-1.1659939401889041
0.15576186479725385,-1.136381864797254
0.15579363397345525,-1.1066936339734552
0.15574754592825535,-1.0769175459282554
0.15570082308992017,-1.0471408230899202
0.15582024721025167,-1.0175402472102517
0.1557481995518868,-0.9877381995518868
0.15573875506539236,-0.9282787550653924
0.15568903112294918,-0.8984990311229492
0.1558064983586255,-0.3040864983586255
0.15573697078460058,-0.27428697078460057
0.1557316659171114,-0.24455666591711142
0.155813901374402,-0.185185901374402
0.15575125648453447,-0.15539694648453448
0.15577439735604942,-0.12569339735604942
0.15572409431568116,-0.09591709431568116
0.1557734779603755,-0.0662394779603755
0.15576514349474957,-0.03650514349474958
0.15570123296944685,-0.00671123296944683
0.155623432453724,0.02308656754627599
0.1558175089533934,0.05262249104660656
0.15574876425722728,0.08242123574277271
0.15584608228488075,0.11204391771511926
0.15571113093195577,0.14190886906804423
0.1557392430193542,0.17161075698064576
0.15580805028540318,0.20126194971459682
0.15582135368484407,0.2309786463151559
0.15571247478724382,0.2608175252127562
0.15571486605101403,0.29053513394898595
0.15570313654101287,0.32027686345898715
0.15573212757539473,0.34997787242460526
0.1557564567007626,0.37967354329923736
0.15572897788701706,0.40943102211298293
0.15575084997363015,0.4391391500263699
0.15579446418217352,0.4688155358178265
0.15576701169666662,0.4985729883033334
0.1557490777928835,0.5283109222071165
0.15568530281838688,0.5581046971816132
0.1557484121822671,0.5877715878177329
0.15577958032600636,0.6174604196739937
0.1557502255843003,0.7066697744156997
0.15574382846012802,1.301256171539872
0.1868764075528948,-0.3040064075528948
0.18696949772168248,-0.27437149772168246
0.18683459170068298,-0.21478359170068298
0.18687513534041858,-0.1850975353404186
0.18684209936039403,-0.15533809936039403
0.18689244152236578,-0.12566144152236577
0.18691004520456306,-0.09595304520456308
0.18694160937778864,-0.06626160937778865
0.18685131017338458,-0.03644131017338459
0.186851380185764,-0.006711380185764007
0.18689568342027307,0.02296431657972693
0.18691539649485733,0.05267460350514267
0.18689589265358034,0.11214410734641964
0.18683770690445156,0.14193229309554845
0.18685731862579852,0.17164268137420147
0.18694317004497013,0.20127682995502988
0.18695826061224327,0.23099173938775672
0.18687012074014897,0.26080987925985105
0.18697400856813445,0.29042599143186554
0.18690232960650033,0.32022767039349964
0.18686861393395232,0.3499913860660477
0.18686603203500152,0.37971396796499846
0.18690453983536826,0.40940546016463175
0.18688913433475562,0.4391508656652444
0.18690339872704215,0.46885660127295786
0.1869411568686299,0.49854884313137016
0.1869246707691712,0.5282853292308288
0.186895633736747,0.558044366263253
0.1869343504038523,0.5877356495961477
0.18689420358400755,0.6472257964159924
0.18686673275290544,0.7067032672470945
0.18690240134819347,0.9741975986518066
0.1869059066938874,1.2714940933061125
0.1868845472424716,1.3012154527575284
0.2181032748632059,-1.3742032748632058
0.2180830204403983,-1.2552830204403982
0.2180950591563757,-0.2743470591563757
0.21803967693253296,-0.24456567693253295
0.21816291231911156,-0.18523491231911154
0.2180886448430911,-0.1554346448430911
0.21803342413248167,-0.12565242413248168
0.21806783449600173,-0.09595783449600173
0.2179876586818864,-0.06615765868188642
0.21804570344225008,-0.03648570344225008
0.21810400582955136,-0.006814005829551344
0.2180253321666489,0.02298466783335109
0.21801336062913051,0.05272663937086945
0.21804913781850266,0.08242086218149736
0.2181187034127535,0.11207129658724649
0.2180928938838563,0.14182710611614371
0.21811502060499624,0.20125497939500378
0.2180940078913858,0.2310059921086142
0.21804365103763018,0.2607863489623698
0.21814333484742487,0.29040666515257507
0.21806264195870245,0.32021735804129753
0.2179998757262348,0.3500101242737652
0.21809475339685452,0.37963524660314546
0.2180546037081434,0.4094053962918566
0.21796048126054268,0.4392195187394573
0.21802416123656693,0.4688858387634331
0.21803731929308046,0.4986026807069196
0.21800971314212814,0.5283502868578719
0.21800292177034508,0.6472670782296549
0.21797108560911926,0.7364789143908808
0.2180407337300967,0.9147592662699033
0.21811092030778667,0.9741890796922132
0.2180429809761597,1.0039570190238403
0.2180669115203997,1.0633330884796004
0.21811284659438446,1.0930871534056155
0.21803246954955835,1.1228675304504416
0.21804487717203735,1.1525551228279627
0.21800314147355504,1.241796858526445
0.21807588353862872,1.3012241164613714
0.2491682211556936,-1.3741682211556936
0.24914482445737063,-1.2552448244573706
0.24913907449695064,-0.24451477449695064
0.24917600205084697,-0.21482500205084698
0.24917687802835345,-0.18509987802835345
0.24927857831228836,-0.12574857831228836
0.24919549186146914,-0.09593549186146913
0.2491737819034028,-0.0661937819034028
0.24914368861061426,-0.03643368861061426
0.24916353710654013,-0.0067235371065401395
0.24917872166665125,0.02298127833334876
0.24920282072001865,0.05268717927998135
0.2492432955768025,0.08237670442319753
0.2491782795229081,0.11216172047709189
0.24925592519548348,0.1418140748045165
0.24918192609737883,0.17161807390262118
0.24915206547449328,0.2013679345255067
0.24922012028627213,0.23102987971372788
0.2491384264142153,0.2608415735857847
0.24920427338130957,0.2904957266186904
0.24916692549241537,0.3202630745075846
0.24920861714034065,0.3499513828596594
0.24914789043258379,0.3797321095674162
0.24917693536196994,0.4094330646380301
0.2491971486716183,0.4391328513283817
0.2491700053829542,0.6175199946170458
0.24917035453068692,0.7364296454693131
0.24917698113631592,0.8553230188636841
0.24919748684824217,0.8850025131517579
0.249263244112631,0.9147367558873689
0.24918679335837046,0.9742132066416296
0.24926898144456766,1.0038310185554324
0.2493043326803832,1.0335956673196167
0.2491905414288349,1.1228094585711652
0.24922122886495135,1.1525787711350486
0.24922594267651466,1.3011740573234853
0.28039797987471093,-1.374197979874711
0.28038948952823706,-1.344489489528237
0.2803434014110595,-1.3147434014110595
0.2803939811315357,-1.2850939811315356
0.28033177910669627,-1.2552617791066962
0.2803753046958841,-0.9877653046958841
0.2803618876116677,-0.9580218876116677
0.28038044889228586,-0.9283204488922858
0.28037065495651803,-0.06624065495651804
0.28028314740893956,0.052756852591060416
0.2803078436600719,0.08246215633992812
0.2803558040315637,0.1121341959684363
0.28030639419634407,0.14191360580365592
0.2803576581140266,0.17159234188597344
0.28041255754800154,0.20125744245199845
0.28043558827274107,0.2309644117272589
0.2803155316010826,0.2608144683989174
0.2803437140842551,0.3202362859157449
0.28037407108001794,0.3499359289199821
0.28038212252709455,0.4093778774729055
0.2803545165156299,0.49858548348437004
0.2803386201842303,0.5283213798157698
0.28034248308763365,0.5580475169123663
0.28032250276060555,0.6769774972393945
0.28026838518720676,0.7959316148127933
0.28034096098863814,0.8553590390113618
0.2804168200311843,0.8849831799688157
0.2803999624153023,0.9147000375846978
0.28033638085524926,0.9444636191447509
0.28031436391313547,0.9742856360868645
0.2803180529358593,1.0039819470641407
0.2803726242390321,1.033627375760968
0.2803122977600776,1.0633877022399223
0.28032073958008974,1.0931792604199102
0.28033010815759773,1.2714698918424023
0.2803905462118119,1.301209453788188
0.3114690162342211,-1.017439016234221
0.31145737242593163,-0.9876973724259316
0.31145956940456443,-0.9282495694045644
0.3114685278660162,0.17163147213398378
0.3114686422054377,0.2013513577945624
0.31151586251589913,0.23103413748410082
0.311472131793014,0.26080786820698604
0.3114225749542905,0.2905774250457095
0.3115086039804444,0.43912139601955563
0.3115203593272827,0.5282896406727172
0.31157003414937423,0.5876999658506258
0.31147698610790286,0.6472430138920972
0.3115390646077223,0.7363609353922778
0.3115095586476446,0.7958904413523553
0.3114250933149869,0.8256749066850131
0.3114886646405117,0.8553113353594883
0.31150362101689144,0.8849963789831085
0.31145926363627796,0.914840736363722
0.31146085159723913,0.9445391484027609
0.3115785333854457,1.0038214666145542
0.3114812889466294,1.0337187110533705
0.311469305273103,1.063430694726897
0.31142337932992503,1.152676620670075
0.3114729084371606,1.2120270915628395
0.34267067293981024,-1.0472106729398103
0.34268616595300627,-1.0175061659530062
0.34265874302714294,-0.928298743027143
0.3426565818742767,-0.8985665818742767
0.3426353202332376,0.20133467976676234
0.3426464469829933,0.23105355301700667
0.34263714086988095,0.26079285913011907
0.3426256583419828,0.2905243416580172
0.34265461270545877,0.3499453872945412
0.3425829946864644,0.3797470053135356
0.3425268221388037,0.40953317786119625
0.34264593651241726,0.49859406348758273
0.3425860931098994,0.7364139068901006
0.3427006266261141,0.7660993733738859
0.3426615643921227,0.7958384356078774
0.3425532365208981,0.8256467634791018
0.3426486101172743,0.8553513898827256
0.34268928987907177,0.8850107101209282
0.3425745772820158,0.9148254227179843
0.34266507984468675,0.9444349201553132
0.34261262091694134,1.0633873790830586
0.3426336134941457,1.0931663865058543
0.3427135787875677,1.1227864212124323
0.34261713212011635,1.2120828678798836
0.3737912065134681,-1.374191206513468
0.3738345428840846,-1.0769545428840845
0.3738433489941265,0.20127665100587347
0.3737796228479748,0.26080037715202525
0.373815416012439,0.290484583987561
0.3737641672491808,0.3202658327508192
0.37379459067736953,0.46886540932263043
0.3737609716130691,0.6472390283869308
0.37377917400029237,0.7067208259997076
0.37377508153042616,0.7661249184695738
0.37382616983657657,0.7958738301634234
0.3737884635195442,0.8256115364804558
0.37383172495761396,0.8552682750423861
0.3737906408722539,0.885009359127746
0.37380554085502193,0.914794459144978
0.3737327643715126,0.9445672356284874
0.37371472489172985,1.0337852751082701
0.3738494858806507,1.0633505141193493
0.37380639864756593,1.0930936013524342
0.37378212889742635,1.1526178711025736
0.373861069254521,1.182238930745479
0.4049544528293706,-1.3741944528293706
0.40496169766485013,-1.34447169766485
0.40494850812355065,-1.3147285081235507
0.40486762879644567,-1.1660176287964457
0.40491143897093207,-1.136331438970932
0.4049161353518249,-1.106616135351825
0.404969951863129,-0.928309951863129
0.4049393921780158,-0.8985493921780158
0.4049836728389159,0.20128632716108408
0.4049435869239847,0.23105641307601535
0.4049003732143206,0.2905496267856794
0.40495328276057013,0.40940671723942984
0.4049367913292913,0.5580532086707087
0.4050155972807342,0.6471844027192658
0.4049373008656957,0.6769626991343044
0.40492010694402036,0.7661798930559797
0.40500030787918084,0.7957996921208192
0.4048890789433054,0.8256109210566945
0.4049918741760934,0.8553081258239066
0.40499761638669896,0.8850023836133011
0.40500265516885614,0.914697344831144
0.40490667125792146,1.0336933287420786
0.40495224272250274,1.0633477572774972
0.4048626552971708,1.0932373447028292
0.4048611486299407,1.1526388513700594
0.40489675838852834,1.1823032416114716
0.4360258670174392,-1.3741158670174392
0.43610802112353975,-1.2552880211235398
0.43611204756996935,-1.2255620475699693
0.4360278056170188,-1.1957578056170188
0.43615631452743897,-1.166156314527439
0.43601099701013846,-0.9282009970101385
0.4361004452698303,-0.8985604452698303
0.4360622315456998,0.20135776845430017
0.4360545100270234,0.4094554899729766
0.43610774864077906,0.5283022513592209
0.43606371878006434,0.6472362812199356
0.4360908205659474,0.7067091794340526
0.4360637491361389,0.7364362508638612
0.43605759725812343,0.7959424027418766
0.4360630196829933,0.8553369803170068
0.4361024005870848,1.0038975994129151
0.43610211189916237,1.0336978881008376
0.4361849279074508,1.0633150720925493
0.43609711666943185,1.1526028833305682
0.4671985185376538,-1.3741385185376538
0.46723536201692617,-0.9877253620169262
0.4673139264728061,0.2904360735271939
0.46721927789254303,0.40944072210745697
0.467305145983789,0.528254854016211
0.4672202882279194,0.6472797117720807
0.46729080829393876,0.6769091917060613
0.46725505688598534,0.7066449431140146
0.467282021582058,0.736317978417942
0.4672588401168948,0.9742411598831052
0.467239267697392,1.003960732302608
0.46722599282160426,1.0336740071783956
0.4671611763515031,1.0634388236484968
0.4672893523603423,1.1228106476396578
0.4983614359315741,-1.374151435931574
0.49843535666255434,-1.3444953566625544
0.498408445103378,-1.076928445103378
0.4983511307728431,-1.047141130772843
0.4984090764792746,0.2904909235207254
0.4984497141021667,0.4093602858978333
0.49843801550657135,0.46882198449342866
0.4983799160475648,0.5580200839524352
0.49835456155473934,0.6175454384452606
0.49838257188462953,0.6472174281153704
0.4984036886033466,0.6768963113966534
0.49845293746391883,0.7066470625360812
0.4984624583606512,0.7363375416393487
0.49839144036423033,0.7661085596357696
0.49839186744046127,0.7959081325595387
0.4983908806853573,0.8850091193146427
0.49834854734717504,0.914851452652825
0.49843667453698925,0.9444633254630108
0.4984014891328751,0.9741985108671248
0.49838254615504374,1.0039174538449562
0.498361698295801,1.152638301704199
0.5295540307717782,-1.3741940307717782
0.5294768471412565,-1.3146568471412565
0.5295485281159893,-1.2850085281159893
0.5295563281585646,-1.0769263281585646
0.5295707465195968,-1.0472107465195968
0.5295456051082196,-1.0174656051082196
0.5295229853650214,-0.9877129853650214
0.5295201527780544,0.2905298472219456
0.529472688118805,0.3500273118811949
0.5295535126755371,0.40940648732446294
0.529489970083767,0.4689200299162331
0.5296050228520142,0.6173949771479859
0.5296548431765068,0.6768451568234931
0.5295032869841634,0.7363967130158366
0.5295077592867756,0.7661922407132244
0.5295223367207096,0.7958776632792903
0.529547445481206,0.825552554518794
0.5295001936874602,0.8553998063125399
0.5295574461115549,0.8850425538884452
0.5295544176492883,1.1228455823507117
0.5607142870252502,-1.2552942870252501
0.5606610996514693,-1.2255110996514693
0.5606998956184807,-0.9877398956184806
0.5607036369568479,-0.9282936369568479
0.5606884604595312,-0.8985484604595312
0.5605787815900125,0.26089121840998747
0.5606694611353845,0.4986305388646154
0.5607268269678461,0.5579731730321539
0.5607538511749959,0.617446148825004
0.5607182862885147,0.6471817137114853
0.5606184037207812,0.7959815962792188
0.5607906544858967,1.0930093455141032
0.5606696280938681,1.182330371906132
0.5918790078508481,-1.2255790078508482
0.5918058433264994,-1.1957858433264994
0.5918331654822058,-0.8985431654822057
0.5918805786871628,1.0931194213128372
0.5919219962047353,1.1524780037952647
0.6230488044184309,-1.166148804418431
0.6230085212331352,-1.1363785212331352
0.6229871283999308,-1.1066371283999308
0.6229689904234349,-0.8985289904234349
0.6229511625873152,0.2905488374126848
0.6230318115629041,0.3499181884370959
0.6229163692206237,0.4391836307793764
0.6230308099106041,0.468869190089396
0.6229900915205653,0.5878099084794348
0.6230618276228803,1.0633381723771196
0.6230456177399786,1.0930543822600214
0.622933050419348,1.122866949580652
0.6229704623231542,1.1526295376768458
0.6230360243660593,1.1822639756339406
0.6541525416673812,-1.3444625416673812
0.6541579300895864,-1.0769279300895864
0.654228438720672,-1.047268438720672
0.654155095229301,-1.017475095229301
0.6541476824277215,-0.9282876824277215
0.6541045977239758,-0.8985145977239758
0.6542308417221457,0.3795691582778543
0.6541022952105229,0.4688977047894772
0.6541511539132506,0.5877488460867494
0.6541194995665389,0.676980500433461
0.6541621841684884,0.9742378158315117
0.6541500564431562,1.0336499435568438
0.6540985374982327,1.0932014625017674
0.6852367114035731,-1.0174067114035732
0.6852635838155856,-0.9877035838155855
0.6853543432507778,-0.9580643432507778
0.6853305971656065,-0.9283205971656066
0.6852210939525374,0.5580789060474627
0.6853551495927174,0.9147448504072827
0.6853405699166321,0.9741594300833679
0.6852142081331483,1.0337857918668518
0.6852734039985755,1.0634265960014244
0.6853497186667452,1.0930502813332548
0.716437681831211,-1.017457681831211
0.7164506598794094,-0.9877406598794094
0.716473724040275,-0.958033724040275
0.716393328764972,-0.928233328764972
0.7164674056601799,0.34993259433982016
0.7164783519256361,0.4688216480743639
0.7164475442599458,0.5283524557400541
0.7164013321378863,0.6174986678621138
0.7164388522135986,0.7066611477864014
0.7164006051670274,0.7958993948329726
0.7163654567205724,0.8554345432794277
0.7164372652168142,0.8850627347831858
0.7164846025050963,0.9742153974949038
0.7164504396528943,1.0336495603471056
0.7475825473456768,-1.0174525473456768
0.7476001838506565,0.6174998161493435
0.7475621761521705,0.7067378238478295
0.7476001324848034,0.7958998675151967
0.7476023979222399,0.9147976020777602
0.7476051106737093,0.9444948893262907
0.7476418310523231,0.9741581689476769
0.7475511387120539,1.0039488612879461
0.7787313293007575,-1.3147113293007575
0.7788179320685654,-1.2850779320685655
0.7787730661881772,-1.2255730661881772
0.7787073508063042,-1.1957873508063042
0.7787352992156362,-1.1660852992156363
0.7787476546226222,-1.1363676546226222
0.7786775384206799,-1.04711753842068
0.7788326720976193,-0.9283726720976193
0.7786898171074509,-0.8984998171074509
0.7787658296882051,0.5283341703117949
0.7787067280972044,0.6174932719027957
0.7787600893776747,0.7363399106223252
0.7787409266836338,0.7958590733163662
0.7787434003291588,0.8553565996708413
0.7787416149761405,0.8850583850238595
0.7786668375330419,0.9148331624669581
0.8098672275216172,-1.3741572275216172
0.8098238042970495,-1.3443838042970495
0.8098920261668009,-1.255272026166801
0.8099480828698182,-1.2255980828698183
0.809903101622394,-0.898565101622394
0.8097817652407008,0.5284182347592993
0.8098611203034042,0.6769388796965957
0.8099074175094286,0.7066925824905713
0.8099071501633892,0.7958928498366107
0.8098905202282367,0.8256094797717632
0.809951890355015,0.855248109644985
0.8098823763464833,0.8850176236535168
0.8099063468576707,0.9444936531423292
0.8409890799722213,-1.3741290799722212
0.8410380933454769,-1.225538093345477
0.8410211663017733,-1.0768911663017733
0.8410610618484025,-1.0174810618484025
0.8410498181632378,0.3796501818367622
0.8410426873527266,0.43915731264727337
0.841045911228043,0.647254088771957
0.8410640176608996,0.7661359823391004
0.8410464908340198,0.8255535091659802
0.8410047349460441,0.8553952650539558
0.8723069318355016,-1.3742969318355016
0.8722029711399121,-1.344462971139912
0.8722215247467632,-1.2553015247467632
0.872176443102596,-1.225526443102596
0.8721804400129154,-1.0174504400129154
0.8721864788268777,-0.8985484788268777
0.872141363603161,-0.512061363603161
0.8721546096699205,0.5283453903300795
0.8722361067359897,0.6174638932640103
0.8722345389764836,0.6471654610235165
0.8722076411720282,0.6768923588279717
0.8721858479948891,0.7067141520051109
0.8721688093440642,0.7364311906559359
0.8721942406394678,0.7661057593605323
0.8721882695000294,0.7959117304999705
0.9033612296772024,-1.3147412296772025
0.9033492985077373,-1.2850092985077373
0.9033422238723803,-1.2552722238723804
0.9033031365242385,-1.1660531365242386
0.9033906400377443,-0.8986029400377443
0.9033998759671658,-0.06626987596716577
0.9033656650600013,0.26073433493999865
0.9033757434037704,0.2904242565962296
0.9033861456772857,0.3499138543227144
0.9033952330430126,0.4094047669569874
0.9033945325408956,0.43910546745910445
0.903342832770393,0.49855716722960697
0.903456950551503,0.528243049448497
0.9034272163093389,0.5876727836906612
0.9033275470907541,0.6174724529092458
0.903343745435288,0.6769562545647121
0.9034060108623804,0.7065939891376197
0.9033911329283711,0.7363088670716288
0.9344554364277388,-1.2849654364277387
0.9345032696415492,-1.1363732696415492
0.9345464625267782,-0.9283353625267782
0.9344947630796294,-0.18512476307962938
0.9344938401646351,0.20130615983536485
0.9345329305105521,0.3796670694894479
0.9345595825840805,0.4390404174159195
0.9344916730063835,0.46890832699361656
0.9344597933358222,0.5283402066641779
0.9344752086982433,0.5580247913017566
0.934567740317859,0.5877322596821409
0.9345240246003164,0.6174759753996837
0.9344983217644328,0.6472016782355673
0.9344901045838302,0.6769098954161697
0.9344939205346099,0.7364060794653902
0.9345526922606603,0.7660473077393396
0.9656247596002834,-1.4633447596002833
0.965669515724784,-1.433659515724784
0.9656273726852447,-1.1363473726852447
0.965651925922115,-1.106651925922115
0.9656023197907155,-1.0768723197907155
0.965647553202383,-0.958013153202383
0.9655543637680446,-0.9281933637680446
0.9657047425870899,-0.24463474258708998
0.9657230832120385,-0.09602308321203845
0.9655874512803396,-0.03642745128033961
0.9657336419249339,0.052566358075066044
0.9656661502419712,0.14183384975802873
0.9657212001078774,0.3201787998921226
0.9656544885357108,0.34994551146428926
0.9656353281752837,0.40946467182471624
0.9656675054441886,0.43913249455581155
0.9656615586381797,0.5283384413618203
0.9656790747644922,0.5580209252355078
0.9656178509929806,0.5877821490070193
0.9968463885950642,-1.0769683885950643
0.9968307864259014,-1.0472257864259014
0.9967782265752472,-1.0174472265752472
0.9968660798761108,-0.9878083798761108
0.9968718036931592,-0.9580878036931592
0.9967840827380331,-0.39319408273803313
0.9968118734654818,-0.27432187346548187
0.9967529293587357,-0.1850829293587357
0.9967025128320491,-0.15530251283204913
0.9967890317433731,-0.09593903174337307
0.9967259279995978,-0.036415927999597794
0.9967922555476888,0.023007744452311196
0.9968045155635976,0.11209548443640238
0.996750547390596,0.17164945260940412
0.9968287877943116,0.20127121220568836
0.9968088196636654,0.2309911803363346
0.9968315130359269,0.26076848696407323
0.9967445783929172,0.2905554216070829
0.9967553984628685,0.32024460153713136
0.9967621488646892,0.3500378511353109
0.9967988543438774,0.4094011456561225
0.9967452990713381,0.4391547009286619
1.0279135054655764,-0.5715335054655762
1.0279472542238377,-0.42293725422383766
1.027927785621801,-0.18510778562180108
1.0279420869630242,-0.1256620869630243
1.027959414617338,-0.09595941461733795
1.0279185985380626,-0.06618859853806255
1.0280482609847963,-0.00684826098479613
1.0279060306828998,0.022993969317100266
1.0278836144927632,0.05271638550723683
1.0279014610321453,0.11219853896785459
1.0279730778330756,0.1418269221669244
1.0279109985056079,0.20138900149439232
1.0591268358976524,-1.4633968358976526
1.0590911277657415,-0.4823811277657415
1.0591355196825036,-0.3635255196825037
1.0591413418991467,-0.30407134189914675
1.0590913166492322,-0.2743013166492321
1.0590860145815266,-0.21483601458152674
1.1213993430891513,-1.4930893430891514
1.121409948254055,-0.8391199482540549
1.1214070411093753,-0.8093870411093753
1.1213375487446078,-0.6309575487446077
1.1214209493994716,-0.6013209493994716
1.1212999877608176,-0.5714699877608175
1.152540240768158,-1.047190240768158
1.1525701628747438,-0.9283101628747438
1.1524703177123046,-0.7498503177123045
1.152511138855241,-0.7201611388552409
1.1525500685527863,-0.6607500685527863
1.152491303451566,-0.6309613034515661
1.1836239452108834,-0.8390339452108834
1.1836443308902156,-0.8093243308902156
1.183674673091891,-0.7796346730918909
1.214819775900464,-1.106619775900464
1.214818618542645,-0.9877086185426451
1.2148345132173388,-0.9282745132173388
1.2148243600914013,-0.8688143600914012
1.2459922325691744,-1.0174622325691742
1.2460108992145604,-0.9877508992145605
1.2459786768829666,-0.9282686768829667
1.2459986373102727,-0.8985586373102727
1.24597121454801,-0.8688112145480099
1.2771926313437043,-1.1661426313437042
1.2770987442276458,-1.076868744227646
1.2771609148534133,-1.0174809148534134
1.277185012975548,-0.987775012975548
1.2771561693649494,-0.9580261693649493
1.308272796764878,-1.255254796764878
1.308349970204383,-1.136429970204383
1.3082523925832905,-1.0768723925832906
1.3083051930757224,-1.0472051930757222
1.3394233098760315,-1.2552563098760314
1.339442358816732,-1.2255523588167319
1.3394452766173774,-1.1660952766173776
1.3393802962004109,-1.1363102962004108
1.3395143916128127,-1.1067143916128128
1.3394846891393843,-1.0769546891393844
1.3394708856804285,-1.0472208856804286
1.3706300222350902,-1.3742189222350902
1.370654595626964,-1.314790595626964
1.3704859720714455,-1.1659859720714456
1.3706017045318055,-1.1363817045318054
1.3706782000001505,-1.1067282000001506
1.3705478066947867,-1.0768678066947868
1.4017176242361318,-1.4633366242361319
1.4017730741914867,-1.3742120741914867
1.4017511994900542,-1.3444631994900542
1.4017603672137042,-1.2552903672137044
1.4017240351556772,-1.1958040351556771
1.4016765930179655,-1.1660265930179656
1.4329279554063499,-1.46339695540635
1.4329080293628635,-1.4039240293628636
1.432974281375891,-1.374263281375891
1.4329026089010966,-1.3444656089010965
1.432844139326811,-1.284954139326811
1.4328756641707487,-1.2552556641707486
1.4328417755525271,-1.225501775552527
1.4640605954349015,-1.4633794554349016
1.4640931038233567,-1.4039591038233568
1.464066263459924,-1.3444762634599239
1.4640529374155309,-1.2850129374155308
1.4951965648420522,-1.4336385648420522
1.5263451749289174,-1.4633641749289175
1.5263423174282826,-1.4336353174282825
1.5575176473339842,-1.4633866473339843
-1.6953982695751826,-1.5801017304248175
-1.6762506499390921,-1.6995493500609078
-1.6565882461130197,-1.7192117538869802
-1.6365519165183253,-1.5389480834816747
-1.6163133448634985,-1.5071866551365014
-1.5958958643172758,-1.3673041356827242
-1.57528859783113,-1.81311140216887
-1.5544801437432245,-1.6037198562567754
-1.5336714525052106,-1.6596285474947892
-1.5126828245843909,-1.6207171754156091
-1.4916439841871938,-1.6963560158128064
-1.4705198833933437,-1.4472801166066565
-1.449260270801533,-1.483839729198467
-1.4278849346357934,-1.7132150653642064
-1.4064892061563496,-1.5903107938436503
-1.3849548366206481,-1.423845163379352
-1.3634640945098138,-1.6910359054901862
-1.3418892145240322,-1.522010785475968
-1.3202448404185678,-1.5537551595814323
-1.2985236329461223,-1.6026763670538775
-1.2769260071870387,-1.4921739928129611
-1.2548991732352424,-1.8365008267647578
-1.232955660717091,-1.617444339282909
-1.2112153571607605,-1.4446846428392395
-1.1891856213864997,-1.8720143786135002
-1.1672926617177548,-1.6206073382822452
-1.1452637362989495,-1.6685362637010506
-1.1231357146154175,-1.9027642853845825
-1.1011082125051028,-1.599191787494897
-1.0788836487892297,-1.9093163512107703
-1.0567369574083498,-1.4294630425916504
-1.0345189469164096,-1.6653810530835904
-1.0123004839225687,-1.8566995160774316
-0.9899912604761589,-1.329608739523841
-0.9676108746534486,-1.6268891253465514
-0.9453416085482143,-1.4890583914517859
-0.9230247634952216,-1.4270752365047783
-0.9005607061521061,-1.6673392938478937
-0.8781909312934566,-1.6285090687065433
-0.855710962454074,-1.921389037545926
-0.8332374172766854,-1.5008625827233144
-0.8106959959561548,-1.5264040040438451
-0.7881184723394228,-1.693281527660577
-0.7655449657347508,-1.4188550342652493
-0.7429897824928886,-1.7290102175071114
-0.7203519161762495,-1.5921480838237505
-0.6978015008815124,-2.0012984991184877
-0.6750903756846145,-1.4700096243153853
-0.6524279702184022,-1.503372029781598
-0.6297488398841555,-1.5089511601158445
-0.6069926294027186,-1.7089073705972815
-0.5842850723077908,-1.7121149276922094
-0.5615284053944223,-1.7549715946055777
-0.5386665250424554,-1.5281334749575448
-0.515916364672887,-1.7842836353271128
-0.4931155691218776,-1.4195844308781225
-0.47015577525224495,-1.5978442247477551
-0.44732484506787706,-1.560875154932123
-0.4244838225963665,-1.6691161774036334
-0.40158887984501157,-1.9587111201549885
-0.3787715333786861,-1.787928466621314
-0.35566343919509524,-1.3763365608049047
-0.3327992719284987,-1.7015007280715013
-0.3097564935189634,-1.7867435064810364
-0.2867970776626305,-1.7635029223373695
-0.2637016283922444,-1.7770983716077555
-0.24075742895819152,-1.6548425710418084
-0.21771999726551128,-1.7915800027344888
-0.19467053836873283,-1.6948294616312671
-0.1716536516402818,-1.7475463483597182
-0.14847255131172377,-1.7711274486882762
-0.12545500727304826,-1.7010449927269518
-0.10230121699026462,-1.4990987830097353
-0.07919607123114414,-1.8105039287688558
-0.05603835919592193,-1.975461640804078
-0.032852953847422706,-1.8430470461525772
-0.009655654572713779,-1.7052443454272863
0.01351108312474314,-1.6721110831247432
0.03668391426786233,-1.7693839142678622
0.05994551401313686,-1.7801455140131368
0.08319477697501032,-1.6185947769750104
0.10632552867245404,-1.646925528672454
0.1296816415862705,-1.7465816415862705
0.1528541255054614,-1.7744541255054613
0.17625757153095156,-1.3542575715309515
0.1994749726431604,-1.8997749726431603
0.22287427670505622,-1.4897742767050561
0.24619438825471418,-1.678594388254714
0.2695490960957072,-1.6372490960957071
0.2928852127928696,-1.8931852127928697
0.316253346432128,-1.997153346432128
0.3396088831195716,-1.6355088831195717
0.36303582622024044,-1.8525358262202405
0.38648216701498406,-1.634982167014984
0.4098556909352802,-1.3484356909352802
0.4332635668053464,-1.4751635668053464
0.45673095548567266,-1.7216309554856726
0.4801465320684346,-1.8712465320684346
0.50365540906168,-2.06525540906168
0.5271199301330263,-1.6418199301330263
0.5506651638675744,-1.8076651638675743
0.5740704923059767,-1.7923704923059767
0.5974794454229044,-1.5851794454229045
0.6211387216589783,-1.4306287216589784
0.6445746867699443,-1.6259546867699444
0.6682019212361581,-1.662981921236158
0.6916927577916197,-1.6355927577916196
0.7152676069249763,-1.3570676069249763
0.7388342240414785,-1.7618342240414784
0.7624372280020884,-1.7883372280020884
0.7860921634341318,-1.7597921634341318
0.8095960098451045,-1.4752660098451045
0.8331928749515052,-1.6297928749515052
0.8569068455675394,-1.6073968455675394
0.8804902285389105,-1.8873902285389104
0.9041359650867402,-1.6390259650867403
0.9278290951746908,-1.4643290951746908
0.9514174652882392,-1.3643174652882393
0.9751397794891107,-1.4785097794891107
0.9987438656268501,-1.5833438656268501
1.0224610044480547,-1.8615510044480548
1.0461504851282384,-1.4108904851282384
1.069886840839449,-1.7948568408394492
1.0936647064116776,-1.4530247064116775
1.117315222211192,-1.546315222211192
1.1410414094380181,-1.3775614094380182
1.16478140478011,-1.87613140478011
1.1885583345867485,-1.8218083345867484
1.2123162668510097,-1.5796262668510097
1.2361053466337386,-1.6836353466337386
1.2598979460056159,-1.5602979460056159
1.2836733385260157,-1.7117833385260157
1.3075054070974563,-1.3701264070974564
1.3312190061384126,-1.9062190061384126
1.3550460672941769,-1.6699860672941769
1.3789433388900882,-1.4987133388900882
1.4027191147252895,-1.5685091147252894
1.4265733937115304,-1.5815933937115303
1.4504084844849867,-1.8754684844849867
1.4742770354568537,-1.5022780354568537
1.4980060738772287,-1.6078260738772288
1.5219899389371931,-1.2517999389371932
1.5457985846719133,-1.7910885846719133
1.5696567954301082,-1.7279067954301082
1.5937103843126457,-1.6524303843126458
1.61759319956866,-1.59543219956866
1.641420347279477,-1.5017903472794771
1.665404551676638,-1.629676551676638
1.6894323366150854,-1.5733223366150855
1.713247756403995,-1.893377756403995
-1.7132642954856092,1.6730802954856092
-1.6893383524132144,1.9139883524132144
-1.665383176288459,1.817493176288459
-1.6415067742993539,1.532646774299354
-1.6175723687044816,1.6027963687044817
-1.5936652378274616,1.5718252378274615
-1.5697046521664366,1.6232456521664367
-1.5458590117174462,1.6190590117174462
-1.5219688911092542,1.6437088911092541
-1.4981898512087999,1.6559898512087998
-1.4742719322536502,1.6534519322536503
-1.4503748871423747,1.6025248871423747
-1.4264975984461241,1.5503475984461241
-1.4026390557375235,1.7169790557375235
-1.3788951409625658,1.6356051409625658
-1.3550794156762778,1.4774794156762778
-1.331290571776293,1.563990571776293
-1.3074939209573504,1.4796439209573504
-1.28361380139189,1.66991380139189
-1.2598871180295241,1.668227118029524
-1.2360529259876538,1.620182925987654
-1.2123031830014597,1.6223331830014596
-1.1884968898635722,1.4377968898635722
-1.1647222459816875,1.6172422459816875
-1.1409975787415663,1.4137075787415663
-1.117308242693701,1.654648242693701
-1.093681559947794,1.666391559947794
-1.0698541534409451,1.727064153440945
-1.0462083047215414,1.5859783047215414
-1.0223920744374881,1.7106420744374882
-0.9987407547833375,1.6081707547833375
-0.975059419584863,1.684959419584863
-0.9514272026351298,1.4741972026351298
-0.927750131414304,1.625900131414304
-0.904197059207188,1.764417059207188
-0.880422039367983,1.583322039367983
-0.8568747340760962,1.5284247340760961
-0.833242584021767,1.801172584021767
-0.8096178683012523,1.6093678683012522
-0.7860187671903297,1.5626687671903297
-0.7624330607292544,1.6222430607292544
-0.7388660847006092,1.5491360847006093
-0.7152698245233856,1.4741998245233856
-0.6917047423283197,1.6005447423283197
-0.6681259402284669,1.631115940228467
-0.6446161001094782,1.3393161001094782
-0.621125204952919,1.763125204952919
-0.5976212089999914,1.4470812089999914
-0.5740541355720294,1.8347541355720294
-0.5505567841991954,1.6517567841991954
-0.5270812178994291,1.680081217899429
-0.5036260994894295,1.6828260994894295
-0.4801677377331428,1.682867737733143
-0.4567088075659196,1.8347088075659195
-0.4331853091157267,1.7549853091157268
-0.40981348463763934,1.7980134846376394
-0.3864132716122417,1.4043132716122417
-0.3630693774904761,1.562569377490476
-0.33973875172472834,1.6976387517247284
-0.31628046379222896,1.526980463792229
-0.2929638196908968,1.693263819690897
-0.26955542757214657,1.5732554275721466
-0.24622564167516647,1.7300256416751665
-0.22290104048387915,1.3886010404838791
-0.19950494078478576,1.7117049407847857
-0.17623565228518023,1.6861356522851803
-0.15290213729061608,1.581102137290616
-0.12970253958785505,1.696802539587855
-0.10648637491481194,1.529486374914812
-0.08318887216824855,1.7394888721682487
-0.05989331292411637,1.8304933129241163
-0.03671569830332477,1.4550156983033247
-0.0134522035481206,1.5582522035481206
0.009704207482282623,1.6705957925177173
0.03284336395989551,1.7024566360401046
0.05593723362640768,1.4097627663735923
0.07914326640795544,1.8222567335920445
0.10231165430066747,1.6644883456993325
0.12542609765034496,1.693073902349655
0.14855047371132568,1.5068495262886743
0.17160652819267952,1.4907934718073206
0.19467747588022477,1.3363225241197751
0.2177229684369011,1.3215770315630988
0.24072216165041604,1.5384778383495838
0.2638260283980487,1.5868739716019513
0.2868009680461292,1.747999031953871
0.30986074103970185,1.956039258960298
0.33277293515078865,1.7984270648492116
0.35572546838757835,1.7666745316124215
0.3786934819366039,1.5926065180633961
0.4015817259113885,1.4278182740886114
0.42445915634503306,1.7465408436549668
0.4473654044595754,1.6127345955404244
0.47020541176214814,1.3246945882378518
0.49302105745142955,1.7818789425485706
0.5159588247271685,1.4809411752728314
0.538724662108425,1.5808753378915752
0.5615023427963364,1.5025976572036635
0.5841477655960843,1.4587522344039157
0.6070352781617461,1.6191647218382539
0.6297188581761495,1.7053811418238507
0.6524336461307663,1.6341663538692337
0.675056467708737,1.586443532291263
0.6977726914826694,1.6399273085173305
0.7203881949382438,1.7685118050617563
0.7430654353276855,1.4471345646723144
0.7656657329403178,1.5075342670596823
0.7881746603201489,1.341425339679851
0.8107042208815329,1.605895779118467
0.8332560057908305,1.6044439942091695
0.8556826291188269,1.483317370881173
0.8781243668445389,1.583275633155461
0.9006062968263344,1.7184937031736656
0.9228917633271745,1.7655082366728256
0.9454039368630922,1.3221960631369076
0.9677047766289135,1.5462952233710863
0.9899604306938747,1.5637395693061253
1.0122561507751915,1.6757438492248087
1.0345357458376936,1.7157642541623066
1.0567617243207097,1.6435382756792902
1.0789340752708694,1.5821659247291304
1.1011058694456635,1.5977941305543366
1.1230985008899301,1.73950149911007
1.1451835183603454,1.7126164816396547
1.1673017374122123,1.6588982625877877
1.1892743387644023,1.8139256612355978
1.211212195235451,1.638387804764549
1.2331298503409638,1.3049701496590362
1.254997084079561,1.4625029159204388
1.2767479146917564,1.5408520853082437
1.298582141437864,1.862417858562136
1.320179486420888,1.7479205135791118
1.3418973143154538,1.5095026856845462
1.3634762054948983,1.3220237945051019
1.385073509188368,1.627926490811632
1.4065331200728304,1.6386668799271695
1.4279355819007657,1.7400644180992344
1.4493070881145769,1.5586929118854231
1.4704681296018152,1.6866318703981846
1.4916463737293635,1.4443536262706365
1.5127538800774323,1.5331461199225678
1.5336759684970436,1.6097240315029566
1.5545869114395028,1.6036130885604971
1.5752963012953347,1.4632036987046653
1.5959180702063478,1.3947819297936521
1.6163985634729359,1.4165014365270643
1.6365276042018548,1.431172395798145
1.6565615124499853,1.6183384875500149
1.6762603894556012,1.4449396105443988
1.6953512131403303,1.5171487868596696
-1.871028767214422,-1.671471232785578
-1.64387458774584,-1.6544254122541597
-1.8799747002437177,-1.635925299756282
-1.8889953126648167,-1.6172046873351835
-1.6369024091183264,-1.5980975908816735
-2.0760738227908906,-1.5788261772091092
-1.7644713019386096,-1.5593286980613903
-1.812292687805786,-1.5396073121942142
-1.9109948511311288,-1.5200051488688713
-1.5936541921704959,-1.499945807829504
-1.7372257707176164,-1.4800742292823834
-1.790749412483349,-1.459850587516651
-1.7409909756084692,-1.4395090243915307
-1.6292827618258532,-1.4193172381741468
-1.847101193444195,-1.3989988065558052
-1.9132796469175004,-1.3786203530824996
-1.5389045267763688,-1.358095473223631
-2.069647762144486,-1.3375522378555138
-1.8395863352376995,-1.3169136647623003
-1.6571070417824194,-1.2961929582175806
-1.728765796992683,-1.2755342030073171
-1.641638926248978,-1.254761073751022
-1.6531542374676877,-1.2339457625323125
-1.7704178402416193,-1.2131821597583807
-1.842604125189874,-1.192295874810126
-1.3748806217039287,-1.1714193782960713
-1.6460738572176754,-1.1502261427823246
-2.1399047217176306,-1.1292952782823695
-1.631632686337143,-1.108267313662857
-1.6556356695012875,-1.0871643304987124
-1.7651965063819672,-1.0660034936180327
-1.7987461535328406,-1.0447538464671595
-1.8132912877666545,-1.0236087122333455
-1.8416209540764972,-1.002279045923503
-1.5636826993841813,-0.9810173006158189
-2.0436458478712036,-0.9597541521287963
-1.7897334974485948,-0.9384665025514054
-1.8083542660717147,-0.9171457339282851
-1.6061819690478265,-0.8958180309521733
-1.656603418875499,-0.8742965811245009
-1.7804068024267705,-0.8529931975732294
-1.3821550826606148,-0.8314449173393851
-1.7302468019924437,-0.8099531980075562
-1.580596058517853,-0.7885039414821471
-1.7328764866037039,-0.7670235133962959
-1.5683802030059582,-0.7454197969940419
-1.9694938248280525,-0.7238061751719472
-1.4267342340628528,-0.7021657659371469
-1.8019667867333862,-0.6806332132666139
-1.703289822831363,-0.658910177168637
-1.9550802424672806,-0.6372197575327191
-1.716768177365617,-0.6156318226343828
-1.7985738788150956,-0.5939261211849045
-1.700384990194297,-0.5721150098057031
-1.6603909920341504,-0.5504090079658494
-1.8052254382459283,-0.5286745617540716
-1.4580635377686875,-0.5069364622313127
-1.94439025208208,-0.48510974791791994
-1.6418921590053,-0.46330784099470007
-1.9819779998812508,-0.4414220001187492
-1.685960173588105,-0.4196398264118949
-1.5371240689037768,-0.39767593109622335
-1.6132007462477693,-0.37579925375223083
-1.8037125802813314,-0.3538874197186685
-1.6215100801817361,-0.3318899198182639
-1.7657997282690283,-0.3100002717309718
-1.8698126475347856,-0.2880873524652146
-1.8622515468298977,-0.2661484531701024
-1.4497335476134445,-0.24416645238655552
-1.7155666310243607,-0.22213336897563918
-1.7436169818491059,-0.20008301815089408
-1.8074407254380167,-0.17815927456198333
-1.777763265151067,-0.15603673484893288
-1.7927834076238405,-0.13391659237615955
-1.757267711259532,-0.11193228874046796
-1.791346510724172,-0.08975348927582796
-1.7369523766346227,-0.06774762336537725
-1.5779486398642661,-0.04555136013573383
-1.7426304650024318,-0.02336953499756833
-1.3926450744803793,-0.0013549255196204906
-1.5967769390766984,0.02077693907669834
-1.6375619040437759,0.0430619040437758
-1.8909798631721402,0.06517986317214
-1.6799751010640704,0.08747510106407039
-1.6759463477409395,0.10954634774093949
-1.5199609007355448,0.13186090073554493
-1.6351737956709569,0.15407379567095686
-1.2658476231780378,0.1762476231780379
-1.7712099658180818,0.1986099658180817
-1.859239103764169,0.22083910376416888
-1.9133518084218968,0.24315180842189682
-1.9290115518733313,0.26551155187333136
-1.7393358137240533,0.28773581372405327
-1.658294773984356,0.310194773984356
-1.906711137730535,0.3324111377305349
-1.292725293474715,0.3547252934747152
-1.5382683125028966,0.3771683125028966
-1.819630525709615,0.3994305257096152
-1.70445807819222,0.42195807819222014
-1.6259181203711255,0.4443181203711254
-1.5538895138527589,0.466689513852759
-1.6908616019807823,0.48906160198078236
-1.3862670920061029,0.5114970920061028
-1.7203562786356552,0.5339562786356554
-1.8407467089402578,0.5564467089402577
-1.7909085290410818,0.5788085290410818
-1.5644787762396444,0.6012687762396444
-1.8810537172681723,0.6237537172681722
-2.001060531103463,0.6462605311034628
-1.8047604759557323,0.6686604759557322
-1.6265478928758839,0.6912778928758837
-1.8106545526388944,0.7136545526388944
-1.5222485453759673,0.7362785453759674
-1.5940590768037262,0.7588590768037261
-1.9869227549908346,0.7813227549908345
-1.8959770749029574,0.8039770749029574
-1.6086710617643964,0.8264710617643963
-1.6109203352362602,0.8490003352362601
-1.7069325992700097,0.8716525992700097
-2.022989068818174,0.8941890688181742
-1.5383355840812625,0.9168055840812626
-1.9748833983917709,0.9395833983917709
-1.8419833451597145,0.9619733451597146
-2.0050053560723713,0.9847053560723711
-1.7038575450900808,1.0072775450900808
-1.711416337364556,1.029916337364556
-1.7868689805143347,1.052518980514335
-1.7444277465159947,1.075187746515995
-1.3569580494157865,1.0978280494157864
-1.739928908752924,1.120518908752924
-1.4888118341398373,1.1432018341398373
-1.6391151312905476,1.1659851312905476
-1.8292187755371025,1.1886487755371027
-1.6153725711698081,1.211352571169808
-1.7407955126143673,1.2341055126143672
-1.2990142568737935,1.2567832568737936
-1.908910447654555,1.279570447654555
-1.9891269927797914,1.3022069927797915
-1.6735644141537689,1.3250844141537688
-1.6912852748498488,1.3477452748498489
-1.5125959247568643,1.3705459247568643
-1.504588919213763,1.3931689192137628
-1.7964490526978438,1.416109052697844
-1.6279192863566716,1.4388692863566717
-1.9391771639787048,1.4616971639787046
-1.7900355936833166,1.4844555936833166
-1.7199296458250164,1.5072596458250165
-1.7745738860123377,1.5300938860123376
-1.737316038847637,1.552966038847637
-1.6065231720760604,1.5757281720760605
1.8005776541832337,-1.6487576541832336
1.4867912512222028,-1.6260412512222029
1.921026051838434,-1.6031360518384339
1.6752718007701093,-1.5803268007701092
1.9255931982675103,-1.5574631982675102
1.70809400576626,-1.53459400576626
1.5717603211836901,-1.5118293211836902
1.6629386054703428,-1.4890686054703428
1.6611787303660148,-1.4663187303660148
1.8543298456979913,-1.4435698456979913
1.6352224058166343,-1.4207624058166342
1.8342271679672877,-1.3980171679672877
1.5150664601512738,-1.3752664601512739
1.7715283531978594,-1.3525483531978595
1.533255621352481,-1.329775621352481
1.9396017675220252,-1.307091767522025
1.6422954568433579,-1.284385456843358
1.9240758691182283,-1.2616258691182283
1.597554776914437,-1.2389747769144368
1.6616540863027554,-1.2162240863027554
1.8640958932614957,-1.1935358932614957
1.7767862121287081,-1.1708762121287082
1.9201745923627542,-1.1481945923627543
1.5421616391340316,-1.1255016391340316
1.6709232441031223,-1.1029132441031224
1.7540018951495124,-1.0802618951495124
1.486325617131049,-1.057565617131049
1.8209860156407895,-1.0350360156407896
1.7604358471919852,-1.0123858471919853
1.848734403928866,-0.989784403928866
1.5791863738265406,-0.9671763738265405
1.7358687732948224,-0.9445087732948224
1.879419124529899,-0.921999124529899
1.8579705651803007,-0.8994405651803006
1.3452934944926238,-0.8768334944926238
1.6614675470919984,-0.8542475470919983
1.7519095686718629,-0.831749568671863
1.8367074136743793,-0.8092074136743793
1.8055907927068113,-0.7867907927068114
1.4141792721738309,-0.7641792721738307
1.3010081073979778,-0.7416881073979777
1.5192241902260004,-0.7193641902260004
1.9620014749488965,-0.6967014749488963
1.8465460138631176,-0.6743460138631177
1.7233679337675514,-0.6517679337675513
1.6039271082278725,-0.6293371082278727
1.5329808586485423,-0.6069108586485424
1.4913881929086488,-0.5845281929086489
1.7727813351928634,-0.5620813351928632
1.6031243685014203,-0.5396243685014204
1.9017955358475376,-0.5172955358475375
1.7376030065363706,-0.4948030065363707
1.9483960871589976,-0.47249608715899755
1.730091528266741,-0.450091528266741
1.334640092030531,-0.42778009203053113
1.8543283397285675,-0.4054283397285674
1.5008424004231147,-0.38314240042311465
1.5528326062422155,-0.36073260624221554
1.5985472697705112,-0.33844726977051126
1.622717612217878,-0.31611761221787793
1.6769547802634572,-0.29385478026345735
1.331049436327232,-0.271549436327232
1.6383681288140253,-0.24926812881402535
1.975563056570477,-0.2270630565704769
1.821170936920412,-0.20477093692041212
1.6104395189017124,-0.1826395189017125
1.5002104231184945,-0.1604104231184943
1.8026863535235846,-0.1382863535235845
1.5099489069584295,-0.1159489069584296
1.741699270810623,-0.09389927081062294
2.0051233145423324,-0.07172331454233247
1.9699359752790373,-0.049535975279037116
1.6972692096504451,-0.02736920965044528
1.731508585416902,-0.005308585416902023
1.9329489080821372,0.01685109191786273
1.5314333210285849,0.03896667897141508
1.4995264796051164,0.06107352039488367
1.7913322495591828,0.08306775044081718
1.6754512238770716,0.1051487761229283
1.6264660388742809,0.1272339611257192
1.84529399717624,0.1491060028237598
1.6913444787311551,0.17115552126884487
1.6741608034453934,0.19313919655460648
1.695614105238681,0.21518589476131897
1.492000023155736,0.23709997684426412
1.9062875179607697,0.25911248203923026
1.6360006453086455,0.2808993546913546
1.916627099507025,0.3028729004929752
1.3741159839265553,0.3246840160734448
1.7421869264047394,0.3466130735952605
1.8966947190656445,0.36850528093435564
1.6206834198474809,0.39031658015251913
1.7017211749806909,0.4120788250193091
1.3242930068295826,0.4339069931704174
1.7270699505380989,0.45573004946190104
1.7524249391121132,0.47737506088788684
1.7312497647722702,0.4991502352277297
1.7387776610362677,0.5210223389637321
1.4780245981626599,0.5425754018373401
1.7808719626827045,0.5642280373172955
1.8883921642010177,0.5859078357989821
1.7788324835858136,0.6075675164141865
1.8170657035079132,0.629134296492087
1.6293134611906286,0.6507865388093715
1.9343216799654306,0.6723783200345694
1.7438062381091552,0.6939937618908449
1.9381660659251532,0.7155339340748469
1.4869668681249044,0.7371331318750955
1.7174697012819848,0.7585302987180151
1.444447331831358,0.7799526681686422
1.621982280841944,0.8013177191580559
1.5512205354921416,0.8227794645078584
1.6615738015842707,0.8441261984157294
1.6868397702353608,0.8654602297646391
1.554756603715525,0.8868433962844752
1.6269681987551192,0.9080318012448809
1.9395437480876796,0.9294562519123206
1.542601837223573,0.9504981627764272
1.8381670065664857,0.9718329934335144
1.431059380430188,0.9928406195698121
1.7039232423874293,1.0140767576125707
1.996701650707682,1.0351983492923178
1.6667320701721575,1.0562679298278423
1.5793178048248895,1.0772821951751106
2.0476486100830424,1.098251389916958
1.6551426628853665,1.1191573371146337
1.878487037515762,1.140112962484238
1.7928643831680944,1.1609356168319058
1.8878763970247414,1.1818236029752587
1.6970845557804999,1.2026154442195003
1.5781666785294743,1.2232333214705258
1.4496178623133713,1.2439821376866287
1.570680281389964,1.264619718610036
1.6092903109096233,1.2852096890903766
1.7340970512520895,1.3056029487479104
1.753331472942846,1.325968527057154
1.4480198876276518,1.3463801123723482
1.843742810081657,1.366757189918343
1.8091583185663662,1.386841681433634
2.0805192295399344,1.4069807704600652
1.6367841811558597,1.4270158188441404
1.7768171461022362,1.4468828538977638
1.8222864966304888,1.466813503369511
1.694516244203999,1.486383755796001
1.7339760155815576,1.5059239844184424
1.9177203582935192,1.5251796417064807
1.6729138450138945,1.5441861549861053
1.8941878138548216,1.5630121861451782
2.1520419654049316,1.5813580345950684
1.6776753345191942,1.5985246654808056
